data;horario;n_da_ocorrencia;tipo_de_ocorrencia;km;trecho;sentido;tipo_de_acidente;automovel;bicicleta;caminhao;moto;onibus;outros;tracao_animal;transporte_de_cargas_especiais;trator_maquinas;utilitarios;ilesos;levemente_feridos;moderadamente_feridos;gravemente_feridos;mortos
"30/04/2025";"05:42:00";"58";"Sem vítima";"413,800";"BR-040/MG";"Crescente";"Colisão traseira";1;0;0;0;0;0;0;0;0;0;1;0;0;0;0
"30/04/2025";"06:25:00";"59";"Sem vítima";"522,010";"BR-040/MG";"Crescente";"Colisão lateral no mesmo sentido";0;0;0;1;0;0;0;0;0;0;1;0;0;0;0
"30/04/2025";"07:10:00";"72";"Com vítima";"516,400";"BR-040/MG";"Crescente";"Colisão traseira";0;0;0;1;0;0;0;0;0;0;0;0;1;0;0
"30/04/2025";"07:10:00";"73";"Sem vítima";"283,100";"BR-040/MG";"Crescente";"Colisão frontal";2;0;0;0;0;0;0;0;0;0;2;0;0;0;0
"30/04/2025";"16:19:00";"126";"Sem vítima";"513,010";"BR-040/MG";"Decrescente";"Colisão traseira";0;0;0;1;0;0;0;0;0;0;1;0;0;0;0
"30/04/2025";"18:00:00";"146";"Com vítima";"532,300";"BR-040/MG";"Decrescente";"Colisão traseira";0;0;0;1;0;0;0;0;0;0;0;0;0;1;0
"30/04/2025";"18:00:00";"148";"Sem vítima";"524,100";"BR-040/MG";"Crescente";"Engavetamento";1;0;0;0;0;0;0;0;0;0;0;0;0;0;0
"30/04/2025";"22:00:00";"169";"Com vítima";"522,900";"BR-040/MG";"Decrescente";"Choque";0;0;0;1;0;0;0;0;0;0;0;1;0;0;0
"01/05/2025";"08:07:00";"34";"Sem vítima";"522,600";"BR-040/MG";"Decrescente";"Tombamento";0;0;0;1;0;0;0;0;0;0;0;0;0;0;0
"01/05/2025";"14:12:00";"71";"Sem vítima";"43,300";"BR-040/MG";"Decrescente";"Colisão traseira";3;0;0;0;0;0;0;0;0;0;0;0;0;0;0
"01/05/2025";"17:07:00";"89";"Sem vítima";"309,200";"BR-040/MG";"Decrescente";"Capotamento";1;0;0;0;0;0;0;0;0;0;1;0;0;0;0
"01/05/2025";"21:00:00";"114";"Sem vítima";"348,900";"BR-040/MG";"Crescente";"Choque";1;0;0;0;0;0;0;0;0;0;0;0;0;0;0
"02/05/2025";"00:00:00";"101";"Sem vítima";"272,500";"BR-040/MG";"Crescente";"Colisão lateral no mesmo sentido";2;0;0;0;0;0;0;0;0;0;2;0;0;0;0
"02/05/2025";"04:14:00";"7";"Sem vítima";"499,200";"BR-040/MG";"Decrescente";"Atropelamento de animal";2;0;0;0;0;0;0;0;0;0;1;0;0;0;0
"02/05/2025";"18:05:00";"90";"Sem vítima";"415,100";"BR-040/MG";"Decrescente";"Capotamento";1;0;0;0;0;0;0;0;0;0;2;0;0;0;0
"03/05/2025";"14:06:00";"47";"Com vítima";"517,659";"BR-040/MG";"Crescente";"Colisão transversal";0;0;0;1;0;0;0;0;0;0;0;0;1;0;0
"03/05/2025";"18:57:00";"75";"Sem vítima";"498,600";"BR-040/MG";"Decrescente";"Acidentes de outra natureza";1;0;0;0;0;0;0;0;0;0;1;0;0;0;0
"03/05/2025";"22:50:00";"97";"Sem vítima";"496,300";"BR-040/MG";"Crescente";"Choque";3;0;0;0;0;0;0;0;0;0;3;0;0;0;0
"04/05/2025";"15:13:00";"83";"Com vítima";"131,200";"BR-040/MG";"Decrescente";"Colisão frontal";2;0;0;0;0;0;0;0;0;0;0;1;1;0;0
"04/05/2025";"16:30:00";"85";"Com vítima";"511,400";"BR-040/MG";"Decrescente";"Atropelamento de pedestre";1;0;0;0;0;0;0;0;0;0;0;1;0;0;0
"04/05/2025";"18:00:00";"115";"Com vítima";"119,150";"BR-040/MG";"Crescente";"Capotamento";1;0;0;0;0;0;0;0;0;0;0;1;0;0;0
"04/05/2025";"18:22:00";"117";"Com vítima";"470,000";"BR-040/MG";"Crescente";"Tombamento";0;0;0;1;0;0;0;0;0;0;1;1;0;0;0
"05/05/2025";"07:32:00";"53";"Sem vítima";"500,400";"BR-040/MG";"Decrescente";"Engavetamento";0;0;2;0;0;0;0;0;0;0;2;0;0;0;0
"05/05/2025";"07:37:00";"54";"Com vítima";"516,700";"BR-040/MG";"Crescente";"Engavetamento";0;0;0;1;0;0;0;0;0;0;0;1;1;0;0
"05/05/2025";"11:01:00";"87";"Sem vítima";"141,500";"BR-040/MG";"Crescente";"Capotamento";0;0;1;0;0;0;0;0;0;0;0;0;0;0;0
"05/05/2025";"18:25:00";"130";"Sem vítima";"490,200";"BR-040/MG";"Crescente";"Capotamento";1;0;0;0;0;0;0;0;0;0;0;0;0;0;0
"05/05/2025";"18:48:00";"134";"Sem vítima";"523,100";"BR-040/MG";"Decrescente";"Colisão lateral no mesmo sentido";0;0;0;1;0;0;0;0;0;0;0;0;0;0;0
"06/05/2025";"00:00:00";"119";"Sem vítima";"512,200";"BR-040/MG";"Crescente";"Choque";0;0;1;0;0;0;0;0;0;0;0;0;0;0;0
"06/05/2025";"11:10:00";"105";"Sem vítima";"517,700";"BR-040/MG";"Crescente";"Colisão traseira";2;0;0;0;0;0;0;0;0;0;0;0;0;0;0
"06/05/2025";"22:40:00";"180";"Sem vítima";"114,344";"BR-040/GO";"Decrescente";"Atropelamento de animal";1;0;0;0;0;0;0;0;0;0;0;0;0;0;0
"07/05/2025";"09:15:00";"100";"Com vítima";"527,090";"BR-040/MG";"Crescente";"Choque";1;0;0;0;0;0;0;0;0;0;0;1;0;0;0
"07/05/2025";"10:54:00";"110";"Sem vítima";"384,300";"BR-040/MG";"Crescente";"Choque";1;0;0;0;0;0;0;0;0;0;0;0;0;0;0
"07/05/2025";"12:50:00";"127";"Com vítima";"444,000";"BR-040/MG";"Decrescente";"Choque";0;0;0;1;0;0;0;0;0;0;0;0;1;0;0
"07/05/2025";"13:44:00";"134";"Sem vítima";"510,700";"BR-040/MG";"Decrescente";"Colisão traseira";1;0;0;0;0;0;0;0;0;0;0;0;0;0;0
"07/05/2025";"14:20:00";"139";"Sem vítima";"472,550";"BR-040/MG";"Crescente";"Colisão traseira";4;0;0;0;0;0;0;0;0;0;0;0;0;0;0
"07/05/2025";"16:50:00";"161";"Com vítima";"522,270";"BR-040/MG";"Crescente";"Tombamento";0;0;0;1;0;0;0;0;0;0;0;0;1;0;0
"07/05/2025";"16:57:00";"162";"Sem vítima";"532,800";"BR-040/MG";"Decrescente";"Engavetamento";3;0;0;0;0;0;0;0;0;0;3;0;0;0;0
"08/05/2025";"00:00:00";"184";"Com vítima";"512,200";"BR-040/MG";"Crescente";"Choque";1;0;0;0;0;0;0;0;0;0;0;0;1;0;0
"08/05/2025";"19:30:00";"167";"Com vítima";"529,500";"BR-040/MG";"Decrescente";"Colisão traseira";0;0;0;1;0;0;0;0;0;0;0;1;0;0;0
"09/05/2025";"05:47:00";"45";"Sem vítima";"20,900";"BR-040/MG";"Crescente";"Tombamento";0;0;1;0;0;0;0;0;0;0;0;0;0;0;0
"09/05/2025";"08:15:00";"63";"Sem vítima";"516,100";"BR-040/MG";"Crescente";"Colisão traseira";0;0;0;1;0;0;0;0;0;0;0;0;0;0;0
"09/05/2025";"08:50:00";"73";"Sem vítima";"112,850";"BR-040/GO";"Crescente";"Capotamento";1;0;0;0;0;0;0;0;0;0;2;0;0;0;0
"09/05/2025";"12:40:00";"90";"Com vítima";"524,200";"BR-040/MG";"Crescente";"Colisão traseira";0;0;0;1;0;0;0;0;0;0;1;0;1;0;0
"09/05/2025";"16:12:00";"111";"Com vítima";"499,257";"BR-040/MG";"Crescente";"Tombamento";0;0;0;1;0;0;0;0;0;0;1;0;1;0;0
"09/05/2025";"18:54:00";"132";"Com vítima";"511,250";"BR-040/MG";"Decrescente";"Colisão lateral no mesmo sentido";0;0;0;1;0;0;0;0;0;0;0;0;1;0;0
"10/05/2025";"00:00:00";"50";"Sem vítima";"200,730";"BR-040/MG";"Decrescente";"Choque";0;0;1;0;0;0;0;0;0;0;0;0;0;0;0
"10/05/2025";"00:00:00";"24";"Com vítima";"518,200";"BR-040/MG";"Crescente";"Capotamento";1;0;1;0;0;0;0;0;0;0;0;2;0;0;0
"10/05/2025";"07:32:00";"39";"Com vítima";"241,200";"BR-040/MG";"Decrescente";"Choque";1;0;0;0;0;0;0;0;0;0;0;0;1;0;0
"10/05/2025";"08:09:00";"48";"Sem vítima";"345,090";"BR-040/MG";"Crescente";"Colisão transversal";0;0;1;0;0;0;0;0;0;0;0;0;0;0;0
"10/05/2025";"10:18:00";"71";"Com vítima";"516,980";"BR-040/MG";"Crescente";"Colisão traseira";0;0;0;1;0;0;0;0;0;0;0;1;0;0;0
"10/05/2025";"11:47:00";"81";"Com vítima";"439,400";"BR-040/MG";"Crescente";"Colisão traseira";0;0;0;1;0;0;0;0;0;0;0;1;0;0;0
"10/05/2025";"15:38:00";"108";"Com vítima";"142,100";"BR-040/MG";"Crescente";"Colisão frontal";2;0;0;0;0;0;0;0;0;0;0;1;0;0;0
"10/05/2025";"16:12:00";"115";"Com vítima";"500,500";"BR-040/MG";"Crescente";"Colisão transversal";0;0;0;2;0;0;0;0;0;0;0;1;1;0;0
"10/05/2025";"20:40:00";"149";"Com vítima";"524,613";"BR-040/MG";"Decrescente";"Tombamento";0;0;0;1;0;0;0;0;0;0;0;0;1;0;0
"11/05/2025";"00:00:00";"146";"Com vítima";"358,659";"BR-040/MG";"Crescente";"Colisão frontal";2;0;0;0;0;0;0;0;0;0;1;0;1;0;0
"11/05/2025";"06:03:00";"35";"Sem vítima";"142,900";"BR-040/MG";"Crescente";"Colisão traseira";0;0;1;0;0;0;0;0;0;0;0;0;0;0;0
"11/05/2025";"13:10:00";"68";"Com vítima";"502,970";"BR-040/MG";"Crescente";"Colisão lateral no mesmo sentido";0;0;0;1;0;0;0;0;0;0;0;1;0;0;0
"11/05/2025";"16:20:00";"90";"Com vítima";"508,600";"BR-040/MG";"Crescente";"Colisão traseira";0;0;0;1;0;0;0;0;0;0;0;0;1;0;0
"11/05/2025";"17:56:00";"96";"Com vítima";"504,467";"BR-040/MG";"Decrescente";"Capotamento";1;0;0;0;0;0;0;0;0;0;1;0;1;0;0
"11/05/2025";"19:36:00";"110";"Com vítima";"498,900";"BR-040/MG";"Crescente";"Colisão traseira";0;0;0;1;0;0;0;0;0;0;0;0;1;0;0
"12/05/2025";"00:00:00";"71";"Com vítima";"524,300";"BR-040/MG";"Crescente";"Colisão lateral no mesmo sentido";0;0;0;1;0;0;0;0;0;0;0;1;0;0;0
"12/05/2025";"00:00:00";"96";"Sem vítima";"524,700";"BR-040/MG";"Crescente";"Choque";1;0;0;0;0;0;0;0;0;0;0;0;0;0;0
"12/05/2025";"06:45:00";"75";"Com vítima";"524,400";"BR-040/MG";"Crescente";"Atropelamento de animal";0;0;0;1;0;0;0;0;0;0;0;0;2;0;0
"12/05/2025";"18:59:00";"153";"Sem vítima";"454,000";"BR-040/MG";"Decrescente";"Tombamento";0;0;0;1;0;0;0;0;0;0;1;0;0;0;0
"12/05/2025";"19:14:00";"155";"Com vítima";"466,100";"BR-040/MG";"Decrescente";"Colisão lateral no mesmo sentido";0;0;0;1;0;0;0;0;0;0;0;1;0;0;0
"12/05/2025";"22:38:00";"181";"Com vítima";"528,400";"BR-040/MG";"Decrescente";"Atropelamento de pedestre";0;0;0;1;0;0;0;0;0;0;1;0;2;0;0
"13/05/2025";"00:00:00";"110";"Com vítima";"518,800";"BR-040/MG";"Crescente";"Colisão traseira";0;0;0;1;0;0;0;0;0;0;0;0;1;0;0
"13/05/2025";"00:00:00";"150";"Com vítima";"524,681";"BR-040/MG";"Decrescente";"Atropelamento de pedestre";0;0;1;1;0;0;0;0;0;0;1;0;1;0;0
"13/05/2025";"04:05:00";"33";"Sem vítima";"355,200";"BR-040/MG";"Decrescente";"Choque";1;0;0;0;0;0;0;0;0;0;0;0;0;0;0
"13/05/2025";"06:04:00";"36";"Sem vítima";"421,500";"BR-040/MG";"Crescente";"Colisão traseira";1;0;0;0;0;0;0;0;0;0;1;0;0;0;0
"13/05/2025";"11:58:00";"98";"Com vítima";"523,200";"BR-040/MG";"Crescente";"Choque";1;0;0;0;0;0;0;0;0;0;0;1;1;0;0
"13/05/2025";"13:05:00";"108";"Sem vítima";"509,500";"BR-040/MG";"Decrescente";"Colisão lateral no mesmo sentido";0;0;2;0;0;0;0;0;0;0;0;0;0;0;0
"13/05/2025";"17:20:00";"139";"Com vítima";"517,400";"BR-040/MG";"Decrescente";"Colisão lateral no mesmo sentido";0;0;1;1;0;0;0;0;0;0;1;1;0;0;0
"13/05/2025";"18:58:00";"147";"Sem vítima";"231,300";"BR-040/MG";"Decrescente";"Colisão traseira";2;0;0;0;0;0;0;0;0;0;0;0;0;0;0
"14/05/2025";"08:16:00";"57";"Sem vítima";"478,270";"BR-040/MG";"Decrescente";"Colisão lateral no mesmo sentido";0;0;1;0;0;0;0;0;0;0;0;0;0;0;0
"15/05/2025";"00:00:00";"140";"Sem vítima";"524,400";"BR-040/MG";"Decrescente";"Acidentes de outra natureza";0;0;1;0;0;0;0;0;0;0;0;0;0;0;0
"15/05/2025";"08:26:00";"89";"Com vítima";"40,600";"BR-040/MG";"Crescente";"Colisão traseira";1;0;1;0;0;0;0;0;0;0;0;0;1;0;0
"15/05/2025";"08:40:00";"92";"Sem vítima";"511,100";"BR-040/MG";"Decrescente";"Atropelamento de pedestre";1;0;0;0;0;0;0;0;0;0;1;0;0;0;0
"15/05/2025";"11:14:00";"115";"Sem vítima";"444,800";"BR-040/MG";"Crescente";"Colisão lateral no mesmo sentido";1;0;0;0;0;0;0;1;0;0;0;0;0;0;0
"15/05/2025";"17:53:00";"163";"Sem vítima";"43,900";"BR-040/MG";"Decrescente";"Colisão traseira";0;0;0;1;0;0;0;0;0;0;0;0;0;0;0
"15/05/2025";"19:48:00";"175";"Sem vítima";"532,950";"BR-040/MG";"Crescente";"Colisão lateral no mesmo sentido";0;0;1;0;0;0;0;0;0;0;1;0;0;0;0
"16/05/2025";"03:30:00";"51";"Sem vítima";"388,404";"BR-040/MG";"Crescente";"Choque";1;0;0;0;0;0;0;0;0;0;1;0;0;0;0
"16/05/2025";"04:50:00";"53";"Sem vítima";"142,459";"BR-040/MG";"Decrescente";"Choque";1;0;0;0;0;0;0;0;0;0;1;0;0;0;0
"16/05/2025";"07:23:00";"70";"Com vítima";"528,100";"BR-040/MG";"Decrescente";"Atropelamento de pedestre";0;0;0;1;0;0;0;0;0;0;0;0;1;1;0
"16/05/2025";"09:02:00";"81";"Sem vítima";"487,350";"BR-040/MG";"Decrescente";"Colisão traseira";0;0;1;0;0;0;0;0;0;0;1;0;0;0;0
"16/05/2025";"10:54:00";"95";"Sem vítima";"487,000";"BR-040/MG";"Decrescente";"Colisão lateral no mesmo sentido";0;0;1;0;0;0;0;0;0;0;1;0;0;0;0
"16/05/2025";"11:54:00";"103";"Com vítima";"460,550";"BR-040/MG";"Crescente";"Choque";0;0;1;0;0;0;0;0;0;0;0;0;1;0;0
"16/05/2025";"14:27:00";"116";"Sem vítima";"212,200";"BR-040/MG";"Decrescente";"Tombamento";0;0;1;0;0;0;0;0;0;0;4;0;0;0;0
"16/05/2025";"16:31:00";"126";"Sem vítima";"511,300";"BR-040/MG";"Decrescente";"Engavetamento";2;0;0;0;0;0;0;0;0;0;2;0;0;0;0
"16/05/2025";"16:40:00";"127";"Com vítima";"509,100";"BR-040/MG";"Decrescente";"Colisão traseira";0;0;0;1;0;0;0;0;0;0;0;0;0;1;0
"17/05/2025";"13:27:00";"66";"Sem vítima";"526,900";"BR-040/MG";"Decrescente";"Colisão traseira";1;0;0;0;0;0;0;1;0;0;2;0;0;0;0
"17/05/2025";"13:42:00";"67";"Sem vítima";"523,000";"BR-040/MG";"Decrescente";"Colisão traseira";2;0;0;0;0;0;0;0;0;0;0;0;0;0;0
"18/05/2025";"00:00:00";"96";"Sem vítima";"510,500";"BR-040/MG";"Crescente";"Colisão traseira";2;0;0;0;0;0;0;0;0;0;2;0;0;0;0
"18/05/2025";"03:17:00";"8";"Sem vítima";"533,100";"BR-040/MG";"Decrescente";"Choque";1;0;0;0;0;0;0;0;0;0;0;0;0;0;0
"18/05/2025";"05:06:00";"15";"Sem vítima";"466,500";"BR-040/MG";"Decrescente";"Capotamento";1;0;0;0;0;0;0;0;0;0;0;0;0;0;0
"18/05/2025";"06:45:00";"19";"Sem vítima";"414,500";"BR-040/MG";"Crescente";"Capotamento";1;0;0;0;0;0;0;0;0;0;1;0;0;0;0
"18/05/2025";"07:50:00";"27";"Sem vítima";"478,090";"BR-040/MG";"Decrescente";"Choque";1;0;0;0;0;0;0;0;0;0;2;0;0;0;0
"18/05/2025";"08:50:00";"33";"Com vítima";"504,900";"BR-040/MG";"Decrescente";"Choque";1;0;0;1;0;0;0;0;0;0;1;1;0;0;0
"18/05/2025";"18:50:00";"92";"Sem vítima";"528,000";"BR-040/MG";"Decrescente";"Choque";1;0;0;0;0;0;0;0;0;0;1;0;0;0;0
"18/05/2025";"23:23:00";"121";"Com vítima";"508,927";"BR-040/MG";"Decrescente";"Colisão traseira";2;0;0;0;0;0;0;0;0;0;2;0;1;0;0
"19/05/2025";"07:03:00";"85";"Com vítima";"271,750";"BR-040/MG";"Decrescente";"Tombamento";0;0;0;1;0;0;0;0;0;0;0;1;0;0;0
"19/05/2025";"10:45:00";"119";"Com vítima";"470,550";"BR-040/MG";"Crescente";"Colisão traseira";0;0;1;1;0;0;0;0;0;0;0;1;0;0;0
"19/05/2025";"14:51:00";"152";"Sem vítima";"172,980";"BR-040/MG";"Crescente";"Colisão traseira";0;0;1;0;0;0;0;0;0;0;0;0;0;0;0
"19/05/2025";"15:30:00";"154";"Com vítima";"507,150";"BR-040/MG";"Decrescente";"Colisão transversal";2;0;0;0;0;0;0;0;0;0;0;2;0;0;0
"19/05/2025";"17:40:00";"174";"Sem vítima";"525,100";"BR-040/MG";"Decrescente";"Colisão traseira";2;0;0;0;0;0;0;0;0;0;2;0;0;0;0
"19/05/2025";"18:28:00";"177";"Com vítima";"409,800";"BR-040/MG";"Crescente";"Choque";0;0;1;0;0;0;0;0;0;0;1;1;0;0;0
"19/05/2025";"20:10:00";"190";"Com vítima";"466,500";"BR-040/MG";"Crescente";"Colisão transversal";1;0;0;0;0;0;0;1;0;0;0;1;0;1;0
"19/05/2025";"21:39:00";"197";"Com vítima";"500,700";"BR-040/MG";"Crescente";"Colisão lateral no mesmo sentido";1;0;1;0;0;0;0;0;0;0;1;0;0;1;0
"19/05/2025";"23:10:00";"204";"Com vítima";"81,468";"BR-040/MG";"Crescente";"Tombamento";0;0;0;1;0;0;0;0;0;0;0;0;2;0;0
"19/05/2025";"23:23:00";"207";"Com vítima";"129,602";"BR-040/GO";"Decrescente";"Capotamento";0;0;0;0;0;0;0;0;0;1;1;1;1;0;0
"20/05/2025";"00:00:00";"103";"Sem vítima";"438,600";"BR-040/MG";"Crescente";"Choque";1;0;0;0;0;0;0;0;0;0;0;0;0;0;0
"20/05/2025";"00:00:00";"107";"Sem vítima";"497,800";"BR-040/MG";"Crescente";"Colisão lateral no mesmo sentido";0;0;1;0;0;0;0;0;0;0;1;0;0;0;0
"20/05/2025";"15:16:00";"117";"Com vítima";"518,800";"BR-040/MG";"Decrescente";"Tombamento";0;0;0;1;0;0;0;0;0;0;0;0;1;0;0
"20/05/2025";"17:51:00";"133";"Sem vítima";"334,100";"BR-040/MG";"Decrescente";"Capotamento";1;0;0;0;0;0;0;0;0;0;0;0;0;0;0
"20/05/2025";"18:28:00";"138";"Com vítima";"416,350";"BR-040/MG";"Decrescente";"Atropelamento de pedestre";0;0;0;0;0;1;0;0;0;0;0;0;0;1;0
"20/05/2025";"19:10:00";"144";"Sem vítima";"506,900";"BR-040/MG";"Decrescente";"Choque";1;0;0;0;0;0;0;0;0;0;0;0;0;0;0
"21/05/2025";"00:00:00";"36";"Com vítima";"521,800";"BR-040/MG";"Crescente";"Colisão lateral no mesmo sentido";0;0;0;1;0;0;0;0;0;0;0;0;1;0;0
"21/05/2025";"05:31:00";"29";"Sem vítima";"161,200";"BR-040/MG";"Crescente";"Capotamento";0;0;1;0;0;0;0;0;0;0;1;0;0;0;0
"21/05/2025";"09:30:00";"52";"Sem vítima";"529,100";"BR-040/MG";"Crescente";"Colisão traseira";0;0;1;0;0;0;0;0;0;0;0;0;0;0;0
"21/05/2025";"18:05:00";"114";"Sem vítima";"489,900";"BR-040/MG";"Crescente";"Capotamento";1;0;0;0;0;0;0;0;0;0;0;0;0;0;0
"21/05/2025";"19:36:00";"127";"Sem vítima";"230,100";"BR-040/MG";"Decrescente";"Colisão traseira";1;0;0;0;0;0;0;0;0;0;0;0;0;0;0
"22/05/2025";"06:23:00";"35";"Sem vítima";"510,110";"BR-040/MG";"Crescente";"Colisão traseira";2;0;0;0;0;0;0;0;0;0;2;0;0;0;0
"22/05/2025";"06:45:00";"43";"Sem vítima";"514,500";"BR-040/MG";"Crescente";"Colisão traseira";0;0;0;2;0;0;0;0;0;0;2;0;0;0;0
"22/05/2025";"06:45:00";"44";"Sem vítima";"515,300";"BR-040/MG";"Crescente";"Colisão lateral no mesmo sentido";0;0;0;1;0;0;0;0;0;0;1;0;0;0;0
"22/05/2025";"06:45:00";"46";"Com vítima";"519,800";"BR-040/MG";"Crescente";"Colisão traseira";0;0;0;2;0;0;0;0;0;0;0;0;1;0;0
"22/05/2025";"10:20:00";"81";"Sem vítima";"532,800";"BR-040/MG";"Crescente";"Engavetamento";0;0;2;0;0;0;0;0;0;0;2;0;0;0;0
"22/05/2025";"17:10:00";"146";"Com vítima";"518,179";"BR-040/MG";"Decrescente";"Choque";0;0;0;1;0;0;0;0;0;0;1;0;1;0;0
"22/05/2025";"17:30:00";"149";"Sem vítima";"142,340";"BR-040/GO";"Decrescente";"Tombamento";0;0;1;0;0;0;0;0;0;0;1;0;0;0;0
"22/05/2025";"18:43:00";"150";"Sem vítima";"454,183";"BR-040/MG";"Decrescente";"Colisão lateral no mesmo sentido";0;0;0;1;0;0;0;0;0;0;1;0;0;0;0
"22/05/2025";"19:20:00";"158";"Sem vítima";"421,675";"BR-040/MG";"Crescente";"Colisão traseira";0;0;1;0;0;0;0;0;0;0;1;0;0;0;0
"22/05/2025";"22:58:00";"182";"Com vítima";"96,066";"BR-040/GO";"Decrescente";"Colisão transversal";0;0;0;1;0;0;0;0;0;0;0;1;0;0;0
"23/05/2025";"00:00:00";"65";"Sem vítima";"517,650";"BR-040/MG";"Crescente";"Colisão traseira";0;0;1;0;0;0;0;0;0;0;1;0;0;0;0
"23/05/2025";"00:00:00";"73";"Com vítima";"521,029";"BR-040/MG";"Crescente";"Colisão lateral no mesmo sentido";0;0;0;1;0;0;0;0;0;0;0;1;0;0;0
"23/05/2025";"10:40:00";"106";"Com vítima";"523,628";"BR-040/MG";"Decrescente";"Colisão traseira";0;0;1;1;0;0;0;0;0;0;0;1;0;0;0
"23/05/2025";"16:20:00";"155";"Com vítima";"532,800";"BR-040/MG";"Crescente";"Colisão traseira";1;0;0;0;1;0;0;0;0;0;3;1;0;0;0
"23/05/2025";"21:29:00";"198";"Sem vítima";"520,760";"BR-040/MG";"Crescente";"Colisão traseira";0;0;2;0;0;0;0;0;0;0;1;0;0;0;0
"24/05/2025";"00:00:00";"90";"Sem vítima";"492,600";"BR-040/MG";"Crescente";"Tombamento";0;0;0;1;0;0;0;0;0;0;1;0;0;0;0
"24/05/2025";"00:00:00";"124";"Sem vítima";"108,160";"BR-040/MG";"Crescente";"Atropelamento de animal";0;0;0;0;0;0;0;0;0;0;0;0;0;0;0
"24/05/2025";"01:30:00";"6";"Com vítima";"524,700";"BR-040/MG";"Crescente";"Choque";0;0;0;1;0;0;0;0;0;0;1;0;1;0;0
"24/05/2025";"09:06:00";"66";"Sem vítima";"235,500";"BR-040/MG";"Crescente";"Choque";0;0;1;0;0;0;0;0;0;0;0;0;0;0;0
"25/05/2025";"00:00:00";"88";"Com vítima";"525,140";"BR-040/MG";"Decrescente";"Tombamento";0;0;0;1;0;0;0;0;0;0;0;1;0;0;0
"25/05/2025";"00:35:00";"2";"Sem vítima";"524,900";"BR-040/MG";"Crescente";"Choque";1;0;0;0;0;0;0;0;0;0;2;0;0;0;0
"25/05/2025";"10:39:00";"60";"Sem vítima";"250,050";"BR-040/MG";"Crescente";"Colisão traseira";0;0;0;0;1;0;0;0;0;0;0;0;0;0;0
"25/05/2025";"14:25:00";"76";"Com vítima";"527,200";"BR-040/MG";"Decrescente";"Tombamento";0;0;0;1;0;0;0;0;0;0;0;1;0;0;0
"25/05/2025";"15:05:00";"87";"Com vítima";"338,770";"BR-040/MG";"Decrescente";"Colisão lateral no mesmo sentido";0;0;1;0;0;0;0;1;0;0;1;0;1;0;0
"25/05/2025";"21:50:00";"139";"Sem vítima";"531,200";"BR-040/MG";"Decrescente";"Colisão traseira";0;0;0;1;0;0;0;0;0;0;0;0;0;0;0
"26/05/2025";"00:38:00";"5";"Com vítima";"531,500";"BR-040/MG";"Crescente";"Choque";0;0;0;1;0;0;0;0;0;0;0;0;1;1;0