data;horario;n_da_ocorrencia;tipo_de_ocorrencia;km;trecho;sentido;tipo_de_acidente;automovel;bicicleta;caminhao;moto;onibus;outros;tracao_animal;transporte_de_cargas_especiais;trator_maquinas;utilitarios;ilesos;levemente_feridos;moderadamente_feridos;gravemente_feridos;mortos
"26/05/2025";"07:31:00";"46";"Sem vítima";"518,350";"BR-040/MG";"Crescente";"Colisão traseira";0;0;0;1;0;0;0;0;0;0;1;0;0;0;0
"26/05/2025";"08:07:00";"60";"Com vítima";"24,965";"BR-040/MG";"Crescente";"Colisão traseira";1;0;1;0;0;0;0;0;0;0;1;3;0;0;1
"26/05/2025";"17:30:00";"122";"Sem vítima";"492,600";"BR-040/MG";"Crescente";"Colisão traseira";0;0;1;0;0;0;0;0;0;0;1;0;0;0;0
"27/05/2025";"07:21:00";"65";"Sem vítima";"532,100";"BR-040/MG";"Decrescente";"Engavetamento";0;0;0;1;0;0;0;0;0;0;1;0;0;0;0
"27/05/2025";"07:39:00";"66";"Sem vítima";"516,150";"BR-040/MG";"Crescente";"Colisão traseira";1;0;0;0;0;0;0;0;0;0;1;0;0;0;0
"27/05/2025";"08:30:00";"79";"Sem vítima";"502,900";"BR-040/MG";"Decrescente";"Choque";0;0;1;0;0;0;0;0;0;0;1;0;0;0;0
"27/05/2025";"17:24:00";"133";"Sem vítima";"509,653";"BR-040/MG";"Decrescente";"Colisão traseira";0;0;1;0;0;0;0;0;0;0;2;0;0;0;0
"27/05/2025";"17:38:00";"136";"Sem vítima";"469,623";"BR-040/MG";"Decrescente";"Colisão traseira";2;0;0;0;0;0;0;0;0;0;2;0;0;0;0
"27/05/2025";"19:50:00";"152";"Com vítima";"193,204";"BR-040/MG";"Crescente";"Colisão frontal";3;0;0;0;0;0;0;0;0;0;1;0;1;0;0
"27/05/2025";"22:15:00";"162";"Com vítima";"507,500";"BR-040/MG";"Decrescente";"Tombamento";0;0;0;1;0;0;0;0;0;0;0;0;2;0;0
"28/05/2025";"05:51:00";"66";"Sem vítima";"515,300";"BR-040/MG";"Crescente";"Colisão traseira";1;0;0;0;0;0;0;0;0;0;1;0;0;0;0
"28/05/2025";"07:12:00";"74";"Com vítima";"415,050";"BR-040/MG";"Decrescente";"Tombamento";0;0;1;0;0;0;0;0;0;0;0;0;0;1;0
"28/05/2025";"09:15:00";"93";"Com vítima";"525,000";"BR-040/MG";"Crescente";"Tombamento";0;0;0;1;0;0;0;0;0;0;0;1;0;0;0
"28/05/2025";"14:10:00";"109";"Sem vítima";"475,050";"BR-040/MG";"Crescente";"Tombamento";0;0;3;0;0;0;0;0;0;0;3;0;0;0;0
"28/05/2025";"19:30:00";"141";"Com vítima";"511,100";"BR-040/MG";"Crescente";"Colisão lateral no mesmo sentido";0;0;0;1;0;0;0;0;0;0;0;0;1;0;0
"29/05/2025";"00:00:00";"151";"Sem vítima";"109,800";"BR-040/GO";"Crescente";"Capotamento";1;0;0;0;0;0;0;0;0;0;0;0;0;0;0
"29/05/2025";"07:36:00";"57";"Sem vítima";"530,200";"BR-040/MG";"Crescente";"Engavetamento";3;0;0;0;0;0;0;0;0;0;3;0;0;0;0
"29/05/2025";"09:11:00";"81";"Com vítima";"527,900";"BR-040/MG";"Crescente";"Colisão lateral no mesmo sentido";0;0;0;1;0;0;0;0;0;0;0;2;0;0;0
"29/05/2025";"11:43:00";"102";"Sem vítima";"464,700";"BR-040/MG";"Decrescente";"Capotamento";1;0;0;0;0;0;0;0;0;0;1;0;0;0;0
"29/05/2025";"16:24:00";"126";"Com vítima";"448,500";"BR-040/MG";"Decrescente";"Colisão traseira";0;0;0;1;0;0;0;0;0;0;0;1;0;0;0
"30/05/2025";"00:00:00";"154";"Com vítima";"459,700";"BR-040/MG";"Crescente";"Choque";2;0;1;0;0;0;0;0;0;0;1;0;1;0;0
"30/05/2025";"05:52:00";"36";"Sem vítima";"521,400";"BR-040/MG";"Decrescente";"Colisão traseira";0;0;0;1;0;0;0;0;0;0;1;0;0;0;0
"30/05/2025";"12:20:00";"111";"Sem vítima";"526,300";"BR-040/MG";"Crescente";"Colisão lateral no mesmo sentido";0;0;1;0;0;0;0;0;0;0;1;0;0;0;0
"30/05/2025";"17:17:00";"146";"Sem vítima";"519,915";"BR-040/MG";"Crescente";"Colisão traseira";2;0;0;0;0;0;0;0;0;0;0;0;0;0;0
"31/05/2025";"03:16:00";"14";"Sem vítima";"402,642";"BR-040/MG";"Crescente";"Choque";1;0;0;0;0;0;0;0;0;0;1;0;0;0;0
"31/05/2025";"05:41:00";"57";"Com vítima";"42,594";"BR-040/MG";"Decrescente";"Choque";1;0;0;0;0;0;0;0;0;0;0;0;1;0;0
"31/05/2025";"06:00:00";"58";"Sem vítima";"523,200";"BR-040/MG";"Crescente";"Colisão lateral no mesmo sentido";1;0;0;0;1;0;0;0;0;0;1;0;0;0;0
"31/05/2025";"08:53:00";"78";"Sem vítima";"308,495";"BR-040/MG";"Decrescente";"Tombamento";0;0;1;0;0;0;0;0;0;0;1;0;0;0;0
"31/05/2025";"11:45:00";"98";"Sem vítima";"525,200";"BR-040/MG";"Decrescente";"Colisão traseira";0;0;1;0;0;0;0;0;0;0;1;0;0;0;0
"31/05/2025";"12:52:00";"104";"Com vítima";"475,900";"BR-040/MG";"Crescente";"Tombamento";0;0;0;1;0;0;0;0;0;0;0;1;0;0;0
"31/05/2025";"13:30:00";"102";"Com vítima";"525,800";"BR-040/MG";"Decrescente";"Colisão traseira";0;0;0;1;0;0;0;0;0;0;0;0;1;0;0
"31/05/2025";"21:44:00";"158";"Com vítima";"521,900";"BR-040/MG";"Decrescente";"Capotamento";1;0;0;0;0;0;0;0;0;0;0;0;2;0;0
"31/05/2025";"22:00:00";"159";"Com vítima";"527,500";"BR-040/MG";"Crescente";"Atropelamento de pedestre";0;0;0;1;0;0;0;0;0;0;0;0;1;0;0
"01/06/2025";"00:00:00";"39";"Sem vítima";"501,150";"BR-040/MG";"Crescente";"Colisão traseira";0;0;1;0;0;0;0;0;0;0;1;0;0;0;0
"01/06/2025";"00:00:00";"47";"Sem vítima";"501,300";"BR-040/MG";"Crescente";"Colisão traseira";2;0;0;0;0;0;0;0;0;0;2;0;0;0;0
"01/06/2025";"18:14:00";"72";"Com vítima";"516,100";"BR-040/MG";"Crescente";"Colisão traseira";0;0;0;1;0;0;0;0;0;0;0;1;0;0;0
"01/06/2025";"18:29:00";"75";"Com vítima";"510,700";"BR-040/MG";"Crescente";"Engavetamento";0;0;0;1;0;0;0;0;0;0;0;0;1;0;0
"01/06/2025";"20:05:00";"83";"Sem vítima";"510,300";"BR-040/MG";"Crescente";"Colisão traseira";2;0;0;0;0;0;0;0;0;0;0;0;0;0;0
"01/06/2025";"20:43:00";"89";"Com vítima";"505,500";"BR-040/MG";"Crescente";"Colisão traseira";2;0;0;0;0;0;0;0;0;0;1;1;0;0;0
"03/06/2025";"06:00:00";"23";"Com vítima";"523,400";"BR-040/MG";"Crescente";"Colisão traseira";0;0;0;0;1;0;0;1;0;0;2;0;2;0;0
"03/06/2025";"08:20:00";"48";"Com vítima";"466,400";"BR-040/MG";"Decrescente";"Tombamento";0;0;0;1;0;0;0;0;0;0;0;1;0;0;0
"03/06/2025";"08:46:00";"53";"Sem vítima";"58,172";"BR-040/MG";"Decrescente";"Choque";1;0;0;0;0;0;0;0;0;0;0;0;0;0;0
"03/06/2025";"17:14:00";"114";"Sem vítima";"282,481";"BR-040/MG";"Crescente";"Colisão frontal";2;0;0;0;0;0;0;0;0;0;0;0;0;0;0
"04/06/2025";"07:41:00";"75";"Sem vítima";"519,150";"BR-040/MG";"Crescente";"Engavetamento";3;0;0;0;0;0;0;0;0;0;3;0;0;0;0
"04/06/2025";"09:50:00";"98";"Com vítima";"529,200";"BR-040/MG";"Crescente";"Colisão traseira";1;0;1;0;0;0;0;0;0;0;1;1;0;0;0
"04/06/2025";"11:30:00";"113";"Sem vítima";"533,100";"BR-040/MG";"Crescente";"Colisão traseira";0;0;1;0;0;0;0;0;0;0;1;0;0;0;0
"04/06/2025";"13:51:00";"123";"Com vítima";"19,545";"BR-040/MG";"Crescente";"Colisão frontal";1;0;0;0;0;0;0;2;0;0;0;0;0;0;2
"04/06/2025";"16:00:00";"137";"Sem vítima";"462,400";"BR-040/MG";"Decrescente";"Colisão traseira";0;0;1;0;0;0;0;0;0;0;1;0;0;0;0
"04/06/2025";"17:03:00";"141";"Sem vítima";"306,673";"BR-040/MG";"Crescente";"Capotamento";1;0;0;0;0;0;0;0;0;0;0;0;0;0;0
"04/06/2025";"18:00:00";"145";"Com vítima";"527,200";"BR-040/MG";"Decrescente";"Colisão traseira";0;0;0;1;0;0;0;0;0;0;0;0;2;0;0
"04/06/2025";"18:40:00";"151";"Com vítima";"522,900";"BR-040/MG";"Decrescente";"Tombamento";0;0;1;3;0;0;0;0;0;0;1;2;3;0;0
"05/06/2025";"06:20:00";"63";"Sem vítima";"525,100";"BR-040/MG";"Decrescente";"Colisão lateral no mesmo sentido";0;0;1;0;0;0;0;0;0;0;0;0;0;0;0
"05/06/2025";"08:56:00";"89";"Sem vítima";"511,100";"BR-040/MG";"Crescente";"Colisão traseira";0;0;1;0;0;0;0;0;0;0;0;0;0;0;0
"05/06/2025";"17:55:00";"147";"Sem vítima";"512,100";"BR-040/MG";"Crescente";"Choque";0;0;1;0;0;0;0;0;0;0;0;0;0;0;0
"05/06/2025";"21:35:00";"172";"Sem vítima";"475,300";"BR-040/MG";"Decrescente";"Colisão traseira";0;0;2;0;0;0;0;0;0;0;0;0;0;0;0
"06/06/2025";"00:00:00";"44";"Com vítima";"515,627";"BR-040/MG";"Crescente";"Colisão lateral no mesmo sentido";0;0;0;1;0;0;0;0;0;0;1;1;0;0;0
"06/06/2025";"08:35:00";"70";"Com vítima";"528,261";"BR-040/MG";"Crescente";"Colisão lateral no mesmo sentido";0;0;1;1;0;0;0;0;0;0;0;1;0;0;0
"06/06/2025";"18:48:00";"164";"Com vítima";"320,641";"BR-040/MG";"Decrescente";"Choque";0;0;1;2;0;0;0;0;0;0;1;0;0;0;3
"07/06/2025";"05:24:00";"18";"Com vítima";"460,010";"BR-040/MG";"Crescente";"Capotamento";1;0;0;0;0;0;0;0;0;0;0;1;0;0;0
"07/06/2025";"11:25:00";"64";"Sem vítima";"141,300";"BR-040/MG";"Decrescente";"Colisão lateral no mesmo sentido";1;0;0;0;0;0;0;0;0;0;0;0;0;0;0
"07/06/2025";"13:59:00";"82";"Sem vítima";"509,300";"BR-040/MG";"Decrescente";"Colisão traseira";0;0;0;1;0;0;0;0;0;0;1;0;0;0;0
"07/06/2025";"15:40:00";"97";"Sem vítima";"489,400";"BR-040/MG";"Decrescente";"Colisão traseira";0;0;1;0;0;0;0;0;0;0;1;0;0;0;0
"07/06/2025";"17:29:00";"111";"Sem vítima";"520,300";"BR-040/MG";"Crescente";"Colisão traseira";2;0;0;0;0;0;0;0;0;0;2;0;0;0;0
"08/06/2025";"00:00:00";"37";"Com vítima";"461,582";"BR-040/MG";"Decrescente";"Tombamento";0;0;0;1;0;0;0;0;0;0;0;0;0;0;1
"08/06/2025";"00:00:00";"65";"Sem vítima";"506,010";"BR-040/MG";"Crescente";"Choque";1;0;0;0;0;0;0;0;0;0;1;0;0;0;0
"08/06/2025";"00:00:00";"83";"Sem vítima";"516,500";"BR-040/MG";"Crescente";"Colisão traseira";2;0;0;0;0;0;0;0;0;0;0;0;0;0;0
"08/06/2025";"18:10:00";"81";"Sem vítima";"517,500";"BR-040/MG";"Crescente";"Engavetamento";3;0;0;0;0;0;0;0;0;0;3;0;0;0;0
"08/06/2025";"20:21:00";"89";"Com vítima";"450,100";"BR-040/MG";"Decrescente";"Colisão traseira";0;0;0;1;0;0;0;0;0;0;1;0;1;0;0
"08/06/2025";"20:30:00";"94";"Com vítima";"102,943";"BR-040/GO";"Crescente";"Colisão frontal";2;0;0;0;0;0;0;0;0;0;0;0;0;1;0
"09/06/2025";"00:00:00";"56";"Sem vítima";"442,800";"BR-040/MG";"Crescente";"Choque";1;0;0;0;0;0;0;0;0;0;1;0;0;0;0
"09/06/2025";"00:00:00";"107";"Sem vítima";"520,500";"BR-040/MG";"Crescente";"Capotamento";1;0;0;0;0;0;0;0;0;0;1;0;0;0;0
"09/06/2025";"05:09:00";"49";"Sem vítima";"511,100";"BR-040/MG";"Crescente";"Colisão traseira";1;0;0;0;0;0;0;0;0;0;1;0;0;0;0
"09/06/2025";"05:41:00";"52";"Com vítima";"476,100";"BR-040/MG";"Crescente";"Tombamento";0;0;0;1;0;0;0;0;0;0;0;0;0;1;0
"09/06/2025";"07:03:00";"63";"Com vítima";"44,900";"BR-040/MG";"Decrescente";"Colisão transversal";0;0;0;1;0;0;0;0;0;0;0;1;0;0;0
"09/06/2025";"16:36:00";"137";"Sem vítima";"113,300";"BR-040/MG";"Crescente";"Choque";0;0;1;0;0;0;0;0;0;0;0;0;0;0;0
"09/06/2025";"21:45:00";"164";"Com vítima";"517,050";"BR-040/MG";"Crescente";"Colisão lateral no mesmo sentido";0;0;0;1;0;0;0;0;0;0;0;1;0;0;0
"10/06/2025";"00:00:00";"118";"Sem vítima";"523,800";"BR-040/MG";"Decrescente";"Colisão traseira";0;0;0;1;0;0;0;0;0;0;1;0;0;0;0
"10/06/2025";"09:16:00";"80";"Com vítima";"516,200";"BR-040/MG";"Crescente";"Colisão lateral no mesmo sentido";0;0;0;2;0;0;0;0;0;0;0;1;0;0;0
"10/06/2025";"21:48:00";"180";"Sem vítima";"464,000";"BR-040/MG";"Decrescente";"Atropelamento de animal";0;0;1;0;0;0;0;0;0;0;0;0;0;0;0
"11/06/2025";"00:00:00";"133";"Com vítima";"525,550";"BR-040/MG";"Decrescente";"Colisão lateral no mesmo sentido";0;0;0;1;0;0;0;0;0;0;0;1;0;0;0
"11/06/2025";"06:45:00";"35";"Sem vítima";"524,300";"BR-040/MG";"Crescente";"Engavetamento";3;0;0;0;0;0;0;0;0;0;3;0;0;0;0
"11/06/2025";"07:00:00";"38";"Sem vítima";"516,600";"BR-040/MG";"Crescente";"Colisão lateral no mesmo sentido";0;0;0;1;0;0;0;0;0;0;1;0;0;0;0
"11/06/2025";"07:56:00";"50";"Com vítima";"516,700";"BR-040/MG";"Crescente";"Colisão traseira";0;0;0;1;0;0;0;0;0;0;0;1;0;0;0
"11/06/2025";"10:21:00";"73";"Sem vítima";"247,950";"BR-040/MG";"Decrescente";"Colisão lateral no mesmo sentido";0;0;0;1;0;0;0;0;0;0;0;0;0;0;0
"11/06/2025";"13:49:00";"101";"Sem vítima";"522,600";"BR-040/MG";"Decrescente";"Colisão traseira";0;0;1;0;0;0;0;0;0;0;1;0;0;0;0
"11/06/2025";"15:34:00";"115";"Com vítima";"518,500";"BR-040/MG";"Crescente";"Colisão lateral no mesmo sentido";1;0;0;0;0;0;0;1;0;0;2;1;0;0;0
"12/06/2025";"07:45:00";"41";"Com vítima";"504,150";"BR-040/MG";"Crescente";"Choque";1;0;0;0;0;0;0;0;0;0;0;1;0;0;0
"12/06/2025";"11:42:00";"75";"Sem vítima";"528,100";"BR-040/MG";"Crescente";"Colisão traseira";2;0;0;0;0;0;0;0;0;0;2;0;0;0;0
"12/06/2025";"13:41:00";"80";"Sem vítima";"415,800";"BR-040/MG";"Decrescente";"Engavetamento";1;0;0;0;0;0;0;0;0;0;1;0;0;0;0
"12/06/2025";"17:09:00";"108";"Com vítima";"522,550";"BR-040/MG";"Crescente";"Colisão traseira";1;0;0;0;0;0;0;1;0;0;1;0;0;0;1
"12/06/2025";"17:13:00";"109";"Com vítima";"345,650";"BR-040/MG";"Decrescente";"Atropelamento de pedestre";1;0;0;0;0;0;0;0;0;0;0;1;0;0;0
"12/06/2025";"23:30:00";"149";"Sem vítima";"348,500";"BR-040/MG";"Decrescente";"Colisão frontal";0;0;1;0;0;0;0;0;0;0;0;0;0;0;0
"13/06/2025";"08:26:00";"52";"Sem vítima";"520,100";"BR-040/MG";"Crescente";"Colisão lateral no mesmo sentido";0;0;0;1;0;0;0;0;0;0;1;0;0;0;0
"13/06/2025";"08:53:00";"55";"Sem vítima";"513,300";"BR-040/MG";"Crescente";"Colisão traseira";2;0;0;0;0;0;0;0;0;0;1;0;0;0;0
"13/06/2025";"11:09:00";"78";"Sem vítima";"469,600";"BR-040/MG";"Decrescente";"Choque";0;0;1;0;0;0;0;0;0;0;1;0;0;0;0
"13/06/2025";"11:44:00";"85";"Sem vítima";"470,300";"BR-040/MG";"Decrescente";"Colisão traseira";2;0;0;0;0;0;0;0;0;0;0;0;0;0;0
"13/06/2025";"17:27:00";"120";"Com vítima";"36,900";"BR-040/MG";"Crescente";"Acidentes de outra natureza";1;0;0;0;0;0;0;0;0;0;0;0;0;1;0
"13/06/2025";"20:12:00";"144";"Com vítima";"525,400";"BR-040/MG";"Crescente";"Tombamento";0;0;0;1;0;0;0;0;0;0;0;1;0;0;0
"14/06/2025";"07:00:00";"43";"Com vítima";"41,500";"BR-040/MG";"Decrescente";"Colisão transversal";0;0;0;1;0;0;0;0;0;0;0;1;0;0;0
"14/06/2025";"13:34:00";"126";"Sem vítima";"341,200";"BR-040/MG";"Decrescente";"Capotamento";1;0;0;0;0;0;0;0;0;0;0;0;0;0;0
"14/06/2025";"23:39:00";"151";"Sem vítima";"456,450";"BR-040/MG";"Decrescente";"Acidentes de outra natureza";0;0;2;0;0;0;0;0;0;0;0;0;0;0;0
"15/06/2025";"00:00:00";"24";"Sem vítima";"480,600";"BR-040/MG";"Crescente";"Choque";1;0;0;0;0;0;0;0;0;0;1;0;0;0;0
"15/06/2025";"07:45:00";"20";"Com vítima";"511,850";"BR-040/MG";"Crescente";"Choque";1;0;0;0;0;0;0;0;0;0;0;1;0;0;0
"15/06/2025";"09:56:00";"38";"Sem vítima";"425,900";"BR-040/MG";"Crescente";"Acidentes de outra natureza";0;0;0;1;0;0;0;0;0;0;1;0;0;0;0
"15/06/2025";"15:14:00";"73";"Sem vítima";"448,260";"BR-040/MG";"Decrescente";"Colisão traseira";0;0;1;0;0;0;0;0;0;0;1;0;0;0;0
"15/06/2025";"17:17:00";"86";"Sem vítima";"505,700";"BR-040/MG";"Crescente";"Colisão traseira";1;0;0;0;0;0;0;0;0;0;1;0;0;0;0
"15/06/2025";"17:30:00";"89";"Sem vítima";"279,255";"BR-040/MG";"Decrescente";"Colisão frontal";2;0;0;0;0;0;0;0;0;0;0;0;0;0;0
"15/06/2025";"18:00:00";"92";"Sem vítima";"517,200";"BR-040/MG";"Decrescente";"Colisão traseira";1;0;0;0;0;0;0;0;0;0;1;0;0;0;0
"15/06/2025";"20:10:00";"107";"Sem vítima";"475,900";"BR-040/MG";"Crescente";"Colisão lateral no mesmo sentido";1;0;0;0;0;0;0;1;0;0;0;0;0;0;0
"16/06/2025";"00:00:00";"55";"Sem vítima";"511,750";"BR-040/MG";"Crescente";"Tombamento";0;0;1;0;0;0;0;0;0;0;1;0;0;0;0
"16/06/2025";"00:00:00";"131";"Sem vítima";"175,830";"BR-040/MG";"Crescente";"Choque";2;0;0;0;0;0;0;0;0;0;0;0;0;0;0
"16/06/2025";"00:00:00";"132";"Com vítima";"511,500";"BR-040/MG";"Decrescente";"Colisão lateral no mesmo sentido";1;0;1;0;0;0;0;1;0;0;2;1;0;0;0
"16/06/2025";"02:40:00";"22";"Sem vítima";"510,300";"BR-040/MG";"Decrescente";"Choque";1;0;0;0;0;0;0;0;0;0;2;0;0;0;0
"16/06/2025";"10:18:00";"64";"Sem vítima";"470,610";"BR-040/MG";"Decrescente";"Choque";1;0;0;0;0;0;0;0;0;0;1;0;0;0;0
"16/06/2025";"10:26:00";"65";"Sem vítima";"510,000";"BR-040/MG";"Crescente";"Colisão traseira";1;0;0;0;0;0;0;0;0;0;1;0;0;0;0
"16/06/2025";"11:02:00";"79";"Com vítima";"399,240";"BR-040/MG";"Decrescente";"Acidentes de outra natureza";1;0;0;0;0;0;0;0;0;0;0;0;1;0;0
"16/06/2025";"19:05:00";"126";"Com vítima";"421,800";"BR-040/MG";"Crescente";"Atropelamento de pedestre";1;0;0;0;0;0;0;0;0;1;0;0;0;0;1
"17/06/2025";"00:00:00";"87";"Sem vítima";"470,700";"BR-040/MG";"Crescente";"Engavetamento";2;0;0;0;1;0;0;0;0;0;7;0;0;0;0
"17/06/2025";"00:49:00";"4";"Com vítima";"506,800";"BR-040/MG";"Crescente";"Colisão traseira";1;0;0;0;0;0;0;1;0;0;0;0;1;0;0
"17/06/2025";"05:59:00";"24";"Com vítima";"508,100";"BR-040/MG";"Crescente";"Colisão traseira";1;0;0;0;0;0;0;0;0;0;1;0;1;0;0
"17/06/2025";"06:04:00";"26";"Com vítima";"299,900";"BR-040/MG";"Decrescente";"Tombamento";0;0;1;0;0;0;0;0;0;0;0;1;0;0;0
"17/06/2025";"06:19:00";"28";"Com vítima";"516,900";"BR-040/MG";"Crescente";"Colisão lateral no mesmo sentido";0;0;0;1;0;0;0;0;0;0;0;0;1;0;0
"17/06/2025";"10:52:00";"67";"Com vítima";"326,070";"BR-040/MG";"Crescente";"Engavetamento";0;0;5;0;0;0;0;0;0;0;0;3;1;0;0
"17/06/2025";"12:54:00";"77";"Sem vítima";"43,660";"BR-040/MG";"Crescente";"Colisão transversal";2;0;0;0;0;0;0;0;0;0;1;0;0;0;0
"17/06/2025";"17:49:00";"105";"Sem vítima";"510,500";"BR-040/MG";"Decrescente";"Colisão transversal";0;0;0;1;0;0;0;0;0;0;0;0;0;0;0
"17/06/2025";"23:01:00";"126";"Sem vítima";"501,100";"BR-040/MG";"Crescente";"Colisão traseira";0;0;1;0;0;0;0;0;0;0;0;0;0;0;0
"18/06/2025";"04:52:00";"8";"Sem vítima";"504,500";"BR-040/MG";"Decrescente";"Atropelamento de animal";0;0;0;0;0;0;0;0;0;1;0;0;0;0;0
"18/06/2025";"05:51:00";"24";"Com vítima";"518,200";"BR-040/MG";"Crescente";"Atropelamento de pedestre";0;0;0;1;0;0;0;0;0;0;0;0;2;0;0
"18/06/2025";"07:21:00";"33";"Sem vítima";"219,200";"BR-040/MG";"Crescente";"Colisão lateral no mesmo sentido";1;0;0;0;0;0;0;1;0;0;2;0;0;0;0
"18/06/2025";"13:48:00";"111";"Sem vítima";"17,100";"BR-040/MG";"Decrescente";"Colisão traseira";1;0;0;0;0;0;0;1;0;0;2;0;0;0;0
"18/06/2025";"16:23:00";"142";"Sem vítima";"515,300";"BR-040/MG";"Decrescente";"Colisão lateral no mesmo sentido";0;0;0;2;0;0;0;0;0;0;2;0;0;0;0
"18/06/2025";"17:24:00";"152";"Sem vítima";"415,200";"BR-040/MG";"Decrescente";"Colisão traseira";1;0;0;0;0;0;0;0;0;0;1;0;0;0;0
"18/06/2025";"18:02:00";"155";"Sem vítima";"328,250";"BR-040/MG";"Decrescente";"Colisão traseira";1;0;0;0;0;0;0;0;0;0;0;0;0;0;0
"18/06/2025";"18:29:00";"159";"Sem vítima";"525,450";"BR-040/MG";"Crescente";"Colisão lateral no mesmo sentido";1;0;0;0;1;0;0;0;0;0;0;0;0;0;0
"18/06/2025";"21:16:00";"180";"Com vítima";"456,000";"BR-040/MG";"Crescente";"Colisão traseira";0;0;1;0;1;0;0;0;0;0;0;3;0;0;0
"19/06/2025";"00:00:00";"27";"Com vítima";"530,900";"BR-040/MG";"Crescente";"Colisão lateral no mesmo sentido";0;0;0;1;0;0;0;0;0;0;0;1;0;0;0
"19/06/2025";"02:41:00";"4";"Sem vítima";"528,000";"BR-040/MG";"Decrescente";"Capotamento";1;0;0;0;0;0;0;0;0;0;0;0;0;0;0
"19/06/2025";"05:09:00";"9";"Com vítima";"520,800";"BR-040/MG";"Crescente";"Atropelamento de animal";0;0;0;1;0;0;0;0;0;0;0;0;1;0;0
"19/06/2025";"07:45:00";"21";"Sem vítima";"437,600";"BR-040/MG";"Decrescente";"Choque";1;0;0;0;0;0;0;0;0;0;1;0;0;0;0
"19/06/2025";"12:38:00";"60";"Sem vítima";"512,400";"BR-040/MG";"Decrescente";"Engavetamento";2;0;0;0;0;0;0;0;0;0;1;0;0;0;0
"19/06/2025";"17:48:00";"97";"Com vítima";"27,795";"BR-040/MG";"Decrescente";"Colisão frontal";0;0;1;0;0;0;0;0;0;0;0;0;1;0;0
"19/06/2025";"22:56:00";"124";"Com vítima";"86,706";"BR-040/MG";"Crescente";"Colisão traseira";1;0;1;0;0;0;0;0;0;0;1;0;0;0;1
"20/06/2025";"00:00:00";"43";"Com vítima";"509,075";"BR-040/MG";"Decrescente";"Atropelamento de pedestre";0;0;0;1;0;0;0;0;0;0;1;0;1;0;0
"20/06/2025";"00:00:00";"78";"Com vítima";"506,680";"BR-040/MG";"Crescente";"Colisão lateral no mesmo sentido";2;0;0;0;0;0;0;0;0;0;2;1;0;0;0
"20/06/2025";"00:00:00";"81";"Sem vítima";"463,667";"BR-040/MG";"Crescente";"Tombamento";0;0;0;0;0;1;0;1;0;0;0;0;0;0;0
"20/06/2025";"00:00:00";"89";"Sem vítima";"478,630";"BR-040/MG";"Crescente";"Tombamento";0;0;1;0;0;0;0;0;0;0;1;0;0;0;0