data;horario;n_da_ocorrencia;tipo_de_ocorrencia;km;trecho;sentido;tipo_de_acidente;automovel;bicicleta;caminhao;moto;onibus;outros;tracao_animal;transporte_de_cargas_especiais;trator_maquinas;utilitarios;ilesos;levemente_feridos;moderadamente_feridos;gravemente_feridos;mortos
"26/08/2025";"12:15:00";"119";"Sem vítima";"500,963";"BR-040/MG";"Decrescente";"Engavetamento";3;0;0;0;0;0;0;1;0;0;0;0;0;0;0
"26/08/2025";"13:44:00";"126";"Sem vítima";"501,800";"BR-040/MG";"Decrescente";"Engavetamento";0;0;3;0;0;0;0;0;0;0;3;0;0;0;0
"26/08/2025";"16:53:00";"167";"Sem vítima";"514,242";"BR-040/MG";"Decrescente";"Colisão lateral no mesmo sentido";1;0;0;0;0;0;0;1;0;0;0;0;0;0;0
"27/08/2025";"00:00:00";"90";"Sem vítima";"88,792";"BR-040/MG";"Decrescente";"Colisão traseira";1;0;0;0;1;0;0;1;0;0;3;0;0;0;0
"27/08/2025";"08:46:00";"78";"Sem vítima";"80,800";"BR-040/MG";"Crescente";"Colisão traseira";0;0;1;0;0;0;0;1;0;0;2;0;0;0;0
"27/08/2025";"13:42:00";"121";"Com vítima";"277,864";"BR-040/MG";"Crescente";"Colisão lateral no mesmo sentido";1;0;0;1;0;0;0;0;0;0;3;1;0;0;0
"27/08/2025";"14:36:00";"130";"Sem vítima";"242,108";"BR-040/MG";"Decrescente";"Choque";1;0;0;0;0;0;0;0;0;0;0;0;0;0;0
"27/08/2025";"14:44:00";"131";"Com vítima";"533,200";"BR-040/MG";"Crescente";"Colisão lateral no mesmo sentido";1;0;0;1;0;0;0;0;0;0;0;0;1;0;0
"27/08/2025";"15:52:00";"139";"Sem vítima";"508,952";"BR-040/MG";"Decrescente";"Colisão traseira";1;0;0;0;0;0;0;0;0;0;0;0;0;0;0
"27/08/2025";"16:47:00";"143";"Sem vítima";"511,158";"BR-040/MG";"Decrescente";"Colisão transversal";1;0;0;1;0;0;0;0;0;0;0;0;0;0;0
"27/08/2025";"22:42:00";"184";"Sem vítima";"521,100";"BR-040/MG";"Decrescente";"Capotamento";1;0;1;0;0;0;0;0;0;0;3;0;0;0;0
"28/08/2025";"00:00:00";"152";"Com vítima";"532,500";"BR-040/MG";"Crescente";"Colisão traseira";1;0;0;1;0;0;0;0;0;0;0;2;0;0;0
"28/08/2025";"00:45:00";"3";"Sem vítima";"394,570";"BR-040/MG";"Crescente";"Atropelamento de animal";1;0;0;0;0;0;0;0;0;0;0;0;0;0;0
"28/08/2025";"10:46:00";"112";"Com vítima";"521,900";"BR-040/MG";"Decrescente";"Colisão lateral no mesmo sentido";1;0;1;0;0;0;0;0;0;0;1;1;0;0;0
"28/08/2025";"11:05:00";"117";"Sem vítima";"44,200";"BR-040/MG";"Decrescente";"Tombamento";1;0;0;1;0;0;0;0;0;0;1;0;0;0;0
"28/08/2025";"14:31:00";"138";"Sem vítima";"135,500";"BR-040/MG";"Decrescente";"Tombamento";0;0;1;0;0;0;0;0;0;0;0;0;0;0;0
"28/08/2025";"16:35:00";"146";"Com vítima";"226,500";"BR-040/MG";"Crescente";"Tombamento";0;0;0;1;0;0;0;0;0;0;0;1;0;0;0
"29/08/2025";"00:00:00";"160";"Com vítima";"515,500";"BR-040/MG";"Decrescente";"Tombamento";0;0;0;1;0;0;0;0;0;0;0;0;1;0;0
"29/08/2025";"00:00:00";"189";"Sem vítima";"515,900";"BR-040/MG";"Crescente";"Choque";1;0;0;0;0;0;0;0;0;0;0;0;0;0;0
"29/08/2025";"01:42:00";"8";"Sem vítima";"213,217";"BR-040/MG";"Crescente";"Tombamento";0;0;1;0;0;0;0;0;0;0;1;0;0;0;0
"29/08/2025";"07:48:00";"76";"Com vítima";"528,400";"BR-040/MG";"Crescente";"Colisão lateral no mesmo sentido";0;0;1;1;0;0;0;0;0;0;1;0;1;0;0
"29/08/2025";"09:43:00";"103";"Sem vítima";"46,400";"BR-040/MG";"Decrescente";"Acidentes de outra natureza";1;0;0;0;0;0;0;0;0;0;1;0;0;0;0
"29/08/2025";"12:05:00";"120";"Com vítima";"332,700";"BR-040/MG";"Decrescente";"Engavetamento";3;0;0;0;0;0;0;0;0;0;1;1;0;0;0
"29/08/2025";"14:37:00";"135";"Sem vítima";"504,700";"BR-040/MG";"Crescente";"Colisão traseira";1;0;0;0;0;0;0;0;0;0;1;0;0;0;0
"29/08/2025";"15:09:00";"141";"Com vítima";"474,650";"BR-040/MG";"Decrescente";"Tombamento";0;0;0;1;0;0;0;0;0;0;0;1;0;0;0
"29/08/2025";"17:48:00";"156";"Com vítima";"510,200";"BR-040/MG";"Crescente";"Colisão lateral no mesmo sentido";2;0;0;1;0;0;0;0;0;0;0;0;1;0;0
"29/08/2025";"19:28:00";"164";"Com vítima";"525,100";"BR-040/MG";"Decrescente";"Colisão traseira";0;0;0;2;0;0;0;0;0;0;0;0;1;0;0
"29/08/2025";"20:44:00";"172";"Sem vítima";"462,500";"BR-040/MG";"Crescente";"Colisão traseira";1;0;1;0;0;0;0;0;0;0;0;0;0;0;0
"29/08/2025";"21:00:00";"176";"Com vítima";"510,600";"BR-040/MG";"Decrescente";"Engavetamento";5;0;0;0;0;0;0;0;0;0;0;3;0;0;0
"29/08/2025";"21:28:00";"179";"Sem vítima";"454,100";"BR-040/MG";"Crescente";"Choque";0;0;1;0;0;0;0;0;0;0;0;0;0;0;0
"30/08/2025";"00:00:00";"2";"Com vítima";"499,200";"BR-040/MG";"Decrescente";"Choque";1;0;0;0;0;0;0;0;0;0;0;1;0;0;0
"30/08/2025";"14:11:00";"107";"Sem vítima";"517,700";"BR-040/MG";"Decrescente";"Colisão lateral no mesmo sentido";1;0;0;0;0;0;0;1;0;0;0;0;0;0;0
"30/08/2025";"16:17:00";"121";"Sem vítima";"455,533";"BR-040/MG";"Crescente";"Colisão traseira";2;0;0;0;0;0;0;0;0;0;0;0;0;0;0
"31/08/2025";"00:00:00";"31";"Sem vítima";"520,720";"BR-040/MG";"Decrescente";"Colisão frontal";1;0;0;1;0;0;0;0;0;0;0;0;0;0;0
"31/08/2025";"05:10:00";"11";"Com vítima";"528,279";"BR-040/MG";"Crescente";"Atropelamento de pedestre";0;0;1;0;0;0;0;0;0;0;0;0;0;0;1
"31/08/2025";"11:26:00";"56";"Sem vítima";"367,400";"BR-040/MG";"Decrescente";"Colisão traseira";0;0;1;0;0;0;0;1;0;0;2;0;0;0;0
"31/08/2025";"15:13:00";"87";"Sem vítima";"377,200";"BR-040/MG";"Crescente";"Colisão traseira";3;0;0;0;0;0;0;0;0;0;0;0;0;0;0
"31/08/2025";"15:38:00";"92";"Sem vítima";"518,125";"BR-040/MG";"Crescente";"Colisão traseira";2;0;0;0;0;0;0;0;0;0;0;0;0;0;0
"31/08/2025";"16:44:00";"99";"Com vítima";"293,054";"BR-040/MG";"Crescente";"Choque";0;0;0;1;0;0;0;0;0;0;0;0;0;1;0
"01/09/2025";"00:00:00";"87";"Sem vítima";"520,600";"BR-040/MG";"Crescente";"Atropelamento de animal";0;0;0;1;0;0;0;0;0;0;1;0;0;0;0
"01/09/2025";"00:00:00";"165";"Sem vítima";"485,500";"BR-040/MG";"Crescente";"Colisão transversal";1;0;1;0;0;0;0;0;0;0;0;0;0;0;0
"01/09/2025";"12:49:00";"115";"Sem vítima";"511,900";"BR-040/MG";"Decrescente";"Engavetamento";2;0;2;0;0;0;0;0;0;0;4;0;0;0;0
"01/09/2025";"17:06:00";"142";"Com vítima";"475,050";"BR-040/MG";"Decrescente";"Tombamento";0;0;0;1;0;0;0;0;0;0;0;1;0;0;0
"01/09/2025";"18:01:00";"146";"Sem vítima";"459,100";"BR-040/MG";"Decrescente";"Colisão traseira";2;0;0;0;0;0;0;0;0;0;0;0;0;0;0
"01/09/2025";"18:20:00";"151";"Com vítima";"154,900";"BR-040/GO";"Crescente";"Atropelamento de animal";0;0;0;1;0;0;0;0;0;0;0;1;0;0;0
"02/09/2025";"09:12:00";"94";"Com vítima";"459,800";"BR-040/MG";"Crescente";"Colisão traseira";1;0;0;0;0;0;0;0;0;0;1;0;1;0;0
"02/09/2025";"13:49:00";"126";"Com vítima";"526,150";"BR-040/MG";"Decrescente";"Colisão traseira";1;0;0;1;0;0;0;0;0;0;1;0;1;0;0
"02/09/2025";"22:59:00";"174";"Com vítima";"103,100";"BR-040/GO";"Decrescente";"Atropelamento de animal";1;0;0;0;0;0;0;0;0;0;0;1;0;0;0
"03/09/2025";"06:50:00";"56";"Com vítima";"516,056";"BR-040/MG";"Crescente";"Colisão traseira";0;0;0;2;0;0;0;0;0;0;0;0;1;0;0
"03/09/2025";"10:47:00";"110";"Sem vítima";"499,663";"BR-040/MG";"Crescente";"Colisão transversal";1;0;0;0;0;0;0;1;0;0;0;0;0;0;0
"03/09/2025";"17:24:00";"170";"Com vítima";"519,702";"BR-040/MG";"Decrescente";"Colisão lateral no mesmo sentido";1;0;0;1;0;0;0;0;0;0;2;0;1;0;0
"03/09/2025";"22:37:00";"202";"Sem vítima";"523,561";"BR-040/MG";"Decrescente";"Colisão lateral no mesmo sentido";3;0;0;0;0;0;0;0;0;0;0;0;0;0;0
"04/09/2025";"04:25:00";"37";"Com vítima";"71,800";"BR-040/MG";"Crescente";"Colisão traseira";1;0;1;0;0;0;0;0;0;0;1;3;0;0;0
"04/09/2025";"04:47:00";"39";"Sem vítima";"524,950";"BR-040/MG";"Decrescente";"Choque";0;0;1;0;0;0;0;0;0;0;1;0;0;0;0
"04/09/2025";"07:55:00";"71";"Sem vítima";"52,200";"BR-040/MG";"Decrescente";"Colisão traseira";0;0;0;0;0;0;0;3;0;0;3;0;0;0;0
"04/09/2025";"14:57:00";"139";"Sem vítima";"498,641";"BR-040/MG";"Crescente";"Colisão traseira";1;0;0;0;0;0;0;0;0;0;1;0;0;0;0
"04/09/2025";"16:34:00";"152";"Sem vítima";"532,145";"BR-040/MG";"Crescente";"Engavetamento";3;0;0;0;0;0;0;0;0;0;0;0;0;0;0
"05/09/2025";"07:44:00";"77";"Sem vítima";"47,200";"BR-040/MG";"Crescente";"Choque";1;0;0;0;0;0;0;0;0;0;1;0;0;0;0
"05/09/2025";"10:57:00";"109";"Sem vítima";"517,684";"BR-040/MG";"Decrescente";"Atropelamento de animal";0;0;1;0;0;0;0;0;0;0;0;0;0;0;0
"05/09/2025";"14:16:00";"133";"Com vítima";"467,800";"BR-040/MG";"Decrescente";"Colisão lateral no mesmo sentido";1;0;0;1;0;0;0;0;0;0;1;0;1;0;0
"05/09/2025";"14:52:00";"137";"Sem vítima";"467,800";"BR-040/MG";"Decrescente";"Colisão lateral no mesmo sentido";1;0;0;0;0;0;0;0;0;0;1;0;0;0;0
"05/09/2025";"15:33:00";"145";"Com vítima";"519,800";"BR-040/MG";"Decrescente";"Engavetamento";3;0;0;0;0;0;0;0;0;0;2;0;2;0;0
"05/09/2025";"19:32:00";"168";"Sem vítima";"240,481";"BR-040/MG";"Decrescente";"Atropelamento de animal";1;0;0;0;0;0;0;0;0;0;0;0;0;0;0
"05/09/2025";"22:33:00";"194";"Com vítima";"367,451";"BR-040/MG";"Crescente";"Colisão traseira";0;0;0;0;0;0;0;1;0;0;0;0;0;0;1
"06/09/2025";"00:00:00";"145";"Com vítima";"518,050";"BR-040/MG";"Decrescente";"Engavetamento";3;0;0;0;0;0;0;0;0;0;0;0;1;0;0
"06/09/2025";"01:16:00";"5";"Sem vítima";"115,785";"BR-040/GO";"Crescente";"Capotamento";1;0;0;0;0;0;0;0;0;0;0;0;0;0;0
"06/09/2025";"03:37:00";"20";"Com vítima";"527,400";"BR-040/MG";"Decrescente";"Colisão traseira";1;0;1;0;0;0;0;0;0;0;0;1;0;1;0
"06/09/2025";"08:03:00";"48";"Sem vítima";"489,300";"BR-040/MG";"Decrescente";"Choque";1;0;0;0;0;0;0;0;0;0;1;0;0;0;0
"06/09/2025";"12:46:00";"92";"Com vítima";"509,900";"BR-040/MG";"Decrescente";"Colisão traseira";2;0;0;0;0;0;0;0;0;0;2;1;0;0;0
"06/09/2025";"16:46:00";"127";"Sem vítima";"213,610";"BR-040/MG";"Decrescente";"Colisão traseira";1;0;1;0;0;0;0;0;0;0;2;0;0;0;0
"06/09/2025";"17:35:00";"135";"Sem vítima";"507,600";"BR-040/MG";"Crescente";"Colisão traseira";1;0;0;0;0;0;0;0;0;0;0;0;0;0;0
"07/09/2025";"00:00:00";"32";"Sem vítima";"520,234";"BR-040/MG";"Decrescente";"Colisão traseira";2;0;0;0;0;0;0;0;0;0;0;0;0;0;0
"07/09/2025";"00:00:00";"112";"Com vítima";"517,708";"BR-040/MG";"Crescente";"Colisão lateral no mesmo sentido";1;0;0;1;0;0;0;0;0;0;0;1;0;0;0
"07/09/2025";"05:12:00";"27";"Com vítima";"361,400";"BR-040/MG";"Decrescente";"Colisão lateral no mesmo sentido";1;0;0;1;0;0;0;0;0;0;1;1;0;0;0
"07/09/2025";"05:44:00";"28";"Sem vítima";"79,200";"BR-040/MG";"Crescente";"Colisão traseira";1;0;0;0;0;0;0;0;0;0;0;0;0;0;0
"07/09/2025";"06:56:00";"39";"Sem vítima";"425,200";"BR-040/MG";"Crescente";"Choque";1;0;0;0;0;0;0;0;0;0;0;0;0;0;0
"07/09/2025";"07:17:00";"42";"Com vítima";"41,900";"BR-040/MG";"Crescente";"Colisão lateral no mesmo sentido";1;0;0;0;0;0;0;1;0;0;1;1;0;0;0
"07/09/2025";"09:21:00";"56";"Com vítima";"36,400";"BR-040/MG";"Crescente";"Colisão traseira";2;0;0;0;0;0;0;0;0;0;1;2;0;0;0
"07/09/2025";"15:09:00";"100";"Sem vítima";"510,555";"BR-040/MG";"Crescente";"Engavetamento";3;0;0;0;0;0;0;0;0;0;2;0;0;0;0
"07/09/2025";"16:03:00";"109";"Com vítima";"148,300";"BR-040/MG";"Crescente";"Capotamento";1;0;0;0;0;0;0;0;0;0;0;0;1;0;0
"07/09/2025";"16:44:00";"119";"Sem vítima";"481,589";"BR-040/MG";"Decrescente";"Choque";1;0;0;0;0;0;0;1;0;0;1;0;0;0;0
"07/09/2025";"17:00:00";"124";"Sem vítima";"397,700";"BR-040/MG";"Crescente";"Colisão traseira";2;0;0;0;0;0;0;0;0;0;1;0;0;0;0
"07/09/2025";"17:06:00";"125";"Com vítima";"508,750";"BR-040/MG";"Crescente";"Colisão lateral no mesmo sentido";1;0;0;1;0;0;0;0;0;0;1;1;0;0;0
"07/09/2025";"22:35:00";"170";"Sem vítima";"331,100";"BR-040/MG";"Decrescente";"Choque";1;0;0;0;0;0;0;0;0;0;0;0;0;0;0
"07/09/2025";"22:45:00";"171";"Sem vítima";"511,688";"BR-040/MG";"Decrescente";"Colisão traseira";2;0;0;0;0;0;0;0;0;0;2;0;0;0;0
"08/09/2025";"01:48:00";"34";"Sem vítima";"319,107";"BR-040/MG";"Decrescente";"Tombamento";0;0;0;1;0;0;0;0;0;0;0;0;0;0;0
"08/09/2025";"11:56:00";"137";"Com vítima";"460,311";"BR-040/MG";"Decrescente";"Colisão traseira";1;0;0;1;0;0;0;1;0;0;0;1;0;0;0
"08/09/2025";"12:05:00";"140";"Com vítima";"235,040";"BR-040/MG";"Crescente";"Choque";0;0;0;0;0;0;0;0;0;1;1;0;2;0;0
"08/09/2025";"20:18:00";"201";"Com vítima";"500,050";"BR-040/MG";"Decrescente";"Atropelamento de pedestre";1;0;1;0;0;0;0;0;0;0;4;0;0;0;1
"09/09/2025";"00:00:00";"179";"Com vítima";"125,100";"BR-040/MG";"Crescente";"Colisão transversal";1;0;1;0;0;0;0;0;0;0;0;1;0;0;0
"09/09/2025";"09:36:00";"104";"Sem vítima";"448,150";"BR-040/MG";"Crescente";"Colisão traseira";2;0;0;0;0;0;0;0;0;0;2;0;0;0;0
"09/09/2025";"14:08:00";"140";"Com vítima";"18,800";"BR-040/MG";"Crescente";"Colisão lateral no mesmo sentido";1;0;1;0;0;0;0;0;0;0;1;1;0;0;0
"09/09/2025";"14:21:00";"142";"Sem vítima";"466,100";"BR-040/MG";"Decrescente";"Colisão frontal";2;0;0;0;0;0;0;0;0;0;2;0;0;0;0
"09/09/2025";"18:15:00";"167";"Com vítima";"528,200";"BR-040/MG";"Decrescente";"Colisão lateral no mesmo sentido";1;0;0;1;0;0;0;0;0;0;0;1;0;0;0
"09/09/2025";"18:53:00";"174";"Sem vítima";"106,100";"BR-040/GO";"Decrescente";"Tombamento";0;0;1;0;0;0;0;0;0;0;0;0;0;0;0
"09/09/2025";"18:54:00";"173";"Sem vítima";"528,800";"BR-040/MG";"Decrescente";"Colisão lateral no mesmo sentido";0;0;0;2;0;0;0;0;0;0;0;0;0;0;0
"09/09/2025";"22:55:00";"203";"Sem vítima";"365,320";"BR-040/MG";"Decrescente";"Colisão traseira";1;0;1;0;0;0;0;0;0;0;0;0;0;0;0
"10/09/2025";"00:00:00";"164";"Sem vítima";"515,300";"BR-040/MG";"Decrescente";"Engavetamento";3;0;0;0;0;0;0;0;0;0;0;0;0;0;0
"10/09/2025";"03:22:00";"6";"Sem vítima";"181,800";"BR-040/MG";"Decrescente";"Tombamento";0;0;0;1;0;0;0;0;0;0;0;0;0;0;0
"10/09/2025";"10:53:00";"120";"Com vítima";"484,400";"BR-040/MG";"Crescente";"Capotamento";1;0;1;0;0;0;0;0;0;0;2;0;1;0;0
"10/09/2025";"19:04:00";"183";"Sem vítima";"97,300";"BR-040/GO";"Decrescente";"Atropelamento de animal";0;0;0;0;0;0;0;0;0;1;0;0;0;0;0
"10/09/2025";"19:15:00";"186";"Com vítima";"481,050";"BR-040/MG";"Decrescente";"Choque";1;0;0;0;0;0;0;0;0;0;0;1;0;0;0
"10/09/2025";"23:37:00";"212";"Com vítima";"410,300";"BR-040/MG";"Decrescente";"Choque";0;0;0;0;0;0;0;0;0;1;17;0;2;0;0
"11/09/2025";"02:51:00";"11";"Sem vítima";"53,500";"BR-040/MG";"Crescente";"Atropelamento de animal";0;0;1;0;0;0;0;0;0;0;0;0;0;0;0
"11/09/2025";"06:42:00";"64";"Sem vítima";"437,100";"BR-040/MG";"Decrescente";"Choque";1;0;0;0;0;0;0;0;0;0;0;0;0;0;0
"11/09/2025";"08:03:00";"93";"Com vítima";"515,822";"BR-040/MG";"Crescente";"Colisão traseira";1;0;0;1;0;0;0;0;0;0;0;0;1;0;0
"11/09/2025";"08:42:00";"100";"Com vítima";"523,000";"BR-040/MG";"Crescente";"Colisão traseira";2;0;0;0;0;0;0;0;0;0;1;1;0;0;0
"11/09/2025";"09:42:00";"118";"Sem vítima";"526,741";"BR-040/MG";"Decrescente";"Colisão lateral no mesmo sentido";1;0;0;0;0;0;0;1;0;0;2;0;0;0;0
"11/09/2025";"12:59:00";"158";"Com vítima";"507,140";"BR-040/MG";"Crescente";"Colisão traseira";1;0;0;1;0;0;0;0;0;0;0;0;1;0;0
"11/09/2025";"16:39:00";"193";"Com vítima";"506,673";"BR-040/MG";"Decrescente";"Colisão traseira";0;0;1;1;0;0;0;0;0;0;1;2;0;0;0
"11/09/2025";"16:41:00";"194";"Sem vítima";"458,571";"BR-040/MG";"Decrescente";"Colisão lateral no mesmo sentido";1;0;0;0;0;0;0;1;0;0;0;0;0;0;0
"12/09/2025";"00:00:00";"195";"Com vítima";"525,793";"BR-040/MG";"Decrescente";"Colisão traseira";0;0;0;1;0;0;0;0;0;0;0;0;1;0;0
"12/09/2025";"07:19:00";"70";"Com vítima";"236,100";"BR-040/MG";"Decrescente";"Choque";0;0;0;0;0;0;0;1;0;0;0;0;1;0;0
"12/09/2025";"07:34:00";"76";"Sem vítima";"518,806";"BR-040/MG";"Crescente";"Colisão lateral no mesmo sentido";0;0;0;2;0;0;0;0;0;0;0;0;0;0;0
"12/09/2025";"10:25:00";"126";"Sem vítima";"508,673";"BR-040/MG";"Decrescente";"Tombamento";1;0;0;1;0;0;0;0;0;0;0;0;0;0;0
"12/09/2025";"11:28:00";"138";"Com vítima";"516,982";"BR-040/MG";"Decrescente";"Engavetamento";0;0;2;0;0;0;0;1;0;0;2;1;0;0;0
"12/09/2025";"17:53:00";"219";"Sem vítima";"521,318";"BR-040/MG";"Decrescente";"Colisão lateral no mesmo sentido";0;0;0;1;0;0;0;0;0;0;0;0;0;0;0
"12/09/2025";"18:49:00";"226";"Sem vítima";"510,343";"BR-040/MG";"Decrescente";"Colisão traseira";1;0;0;1;0;0;0;0;0;0;0;0;0;0;0
"12/09/2025";"21:12:00";"254";"Sem vítima";"448,240";"BR-040/MG";"Crescente";"Capotamento";1;0;0;0;0;0;0;0;0;0;0;0;0;0;0
"12/09/2025";"22:39:00";"267";"Com vítima";"90,414";"BR-040/MG";"Crescente";"Colisão frontal";1;0;0;0;1;0;0;0;0;0;1;0;1;0;0
"13/09/2025";"13:29:00";"109";"Sem vítima";"365,700";"BR-040/MG";"Crescente";"Colisão traseira";2;0;0;0;0;0;0;0;0;0;2;0;0;0;0
"13/09/2025";"14:41:00";"112";"Sem vítima";"516,250";"BR-040/MG";"Crescente";"Colisão traseira";1;0;0;1;0;0;0;0;0;0;2;0;0;0;0
"13/09/2025";"15:24:00";"119";"Sem vítima";"516,400";"BR-040/MG";"Crescente";"Colisão lateral no mesmo sentido";0;0;0;0;0;0;0;0;0;1;2;0;0;0;0
"13/09/2025";"15:50:00";"123";"Sem vítima";"516,040";"BR-040/MG";"Decrescente";"Colisão traseira";2;0;0;0;0;0;0;0;0;0;2;0;0;0;0
"13/09/2025";"16:06:00";"128";"Sem vítima";"459,900";"BR-040/MG";"Decrescente";"Capotamento";1;0;0;0;0;0;0;0;0;0;0;0;0;0;0
"13/09/2025";"17:24:00";"141";"Sem vítima";"453,590";"BR-040/MG";"Crescente";"Capotamento";0;0;0;0;0;0;0;0;0;1;1;0;0;0;0
"13/09/2025";"18:00:00";"150";"Sem vítima";"512,600";"BR-040/MG";"Decrescente";"Tombamento";0;0;0;1;0;0;0;0;0;0;0;0;0;0;0
"13/09/2025";"19:49:00";"162";"Com vítima";"118,890";"BR-040/GO";"Crescente";"Colisão traseira";2;0;0;0;0;0;0;0;0;0;0;1;0;0;0
"14/09/2025";"00:00:00";"105";"Com vítima";"517,300";"BR-040/MG";"Crescente";"Colisão transversal";1;0;0;1;0;0;0;0;0;0;0;1;1;0;0
"14/09/2025";"00:48:00";"5";"Com vítima";"112,754";"BR-040/GO";"Crescente";"Choque";2;0;0;0;0;0;0;0;0;0;0;0;1;0;1
"14/09/2025";"07:21:00";"35";"Sem vítima";"527,400";"BR-040/MG";"Crescente";"Choque";1;0;0;0;0;0;0;0;0;0;1;0;0;0;0
"14/09/2025";"15:31:00";"82";"Sem vítima";"460,215";"BR-040/MG";"Crescente";"Choque";0;0;1;0;0;0;0;0;0;0;1;0;0;0;0
"14/09/2025";"16:38:00";"93";"Sem vítima";"517,000";"BR-040/MG";"Crescente";"Engavetamento";1;0;0;0;0;0;0;0;0;0;1;0;0;0;0
"14/09/2025";"19:09:00";"113";"Sem vítima";"509,400";"BR-040/MG";"Crescente";"Colisão traseira";1;0;0;0;0;0;0;1;0;0;0;0;0;0;0
"14/09/2025";"20:00:00";"123";"Sem vítima";"517,600";"BR-040/MG";"Crescente";"Colisão transversal";2;0;0;0;0;0;0;0;0;0;0;0;0;0;0
"14/09/2025";"20:23:00";"125";"Sem vítima";"514,600";"BR-040/MG";"Decrescente";"Colisão lateral no mesmo sentido";2;0;0;0;0;0;0;0;0;0;0;0;0;0;0
"15/09/2025";"00:00:00";"49";"Com vítima";"511,305";"BR-040/MG";"Decrescente";"Choque";0;0;1;1;0;0;0;0;0;0;0;0;0;1;0
"15/09/2025";"00:00:00";"106";"Sem vítima";"503,723";"BR-040/MG";"Decrescente";"Tombamento";1;0;0;0;0;0;0;0;0;0;0;0;0;0;0
"15/09/2025";"00:00:00";"142";"Sem vítima";"96,080";"BR-040/GO";"Crescente";"Colisão transversal";1;0;1;0;0;0;0;0;0;0;2;0;0;0;0
"15/09/2025";"00:00:00";"209";"Com vítima";"511,321";"BR-040/MG";"Crescente";"Colisão lateral no mesmo sentido";1;0;0;1;0;0;0;0;0;0;0;1;0;0;0
"15/09/2025";"02:30:00";"7";"Sem vítima";"99,300";"BR-040/MG";"Crescente";"Choque";0;0;1;0;0;0;0;0;0;0;0;0;0;0;0
"15/09/2025";"06:15:00";"56";"Sem vítima";"505,200";"BR-040/MG";"Crescente";"Colisão lateral no mesmo sentido";1;0;0;0;0;0;0;0;0;0;0;0;0;0;0
"15/09/2025";"07:43:00";"77";"Com vítima";"515,172";"BR-040/MG";"Crescente";"Colisão lateral no mesmo sentido";1;0;0;1;0;0;0;0;0;0;1;1;0;0;0
"16/09/2025";"06:15:00";"57";"Sem vítima";"423,336";"BR-040/MG";"Decrescente";"Tombamento";0;0;1;0;0;0;0;0;0;0;1;0;0;0;0
"16/09/2025";"06:46:00";"60";"Com vítima";"523,277";"BR-040/MG";"Decrescente";"Colisão lateral no mesmo sentido";1;0;0;1;0;0;0;0;0;0;2;1;0;0;0