data;horario;n_da_ocorrencia;tipo_de_ocorrencia;km;trecho;sentido;tipo_de_acidente;automovel;bicicleta;caminhao;moto;onibus;outros;tracao_animal;transporte_de_cargas_especiais;trator_maquinas;utilitarios;ilesos;levemente_feridos;moderadamente_feridos;gravemente_feridos;mortos
"16/09/2025";"07:57:00";"79";"Sem vítima";"403,641";"BR-040/MG";"Crescente";"Colisão lateral no mesmo sentido";2;0;0;0;0;0;0;0;0;0;2;0;0;0;0
"16/09/2025";"09:02:00";"92";"Com vítima";"501,093";"BR-040/MG";"Crescente";"Tombamento";0;0;0;1;0;0;0;0;0;0;0;1;0;0;0
"16/09/2025";"12:08:00";"122";"Com vítima";"470,020";"BR-040/MG";"Decrescente";"Tombamento";0;0;0;1;0;0;0;0;0;0;0;1;0;0;0
"16/09/2025";"13:27:00";"128";"Sem vítima";"500,457";"BR-040/MG";"Crescente";"Colisão traseira";1;0;0;0;0;0;0;1;0;0;2;0;0;0;0
"17/09/2025";"11:43:00";"113";"Sem vítima";"474,680";"BR-040/MG";"Decrescente";"Colisão traseira";1;0;1;0;0;0;0;0;0;0;2;0;0;0;0
"17/09/2025";"18:37:00";"162";"Sem vítima";"36,200";"BR-040/MG";"Crescente";"Colisão traseira";2;0;0;0;0;0;0;0;0;0;0;0;0;0;0
"17/09/2025";"19:58:00";"174";"Sem vítima";"461,300";"BR-040/MG";"Decrescente";"Colisão traseira";1;0;0;0;0;0;0;0;0;0;0;0;0;0;0
"18/09/2025";"00:00:00";"121";"Sem vítima";"519,800";"BR-040/MG";"Decrescente";"Colisão traseira";1;0;1;0;0;0;0;0;0;0;2;0;0;0;0
"18/09/2025";"05:33:00";"24";"Com vítima";"524,720";"BR-040/MG";"Crescente";"Atropelamento de pedestre";0;0;0;0;0;0;0;0;0;1;1;0;1;0;0
"18/09/2025";"06:29:00";"31";"Sem vítima";"44,050";"BR-040/MG";"Decrescente";"Choque";1;0;0;0;0;0;0;0;0;0;1;0;0;0;0
"18/09/2025";"09:36:00";"106";"Com vítima";"506,230";"BR-040/MG";"Decrescente";"Colisão traseira";0;0;0;0;1;0;0;0;0;1;2;1;0;0;0
"18/09/2025";"22:04:00";"205";"Com vítima";"504,387";"BR-040/MG";"Decrescente";"Colisão traseira";0;0;2;0;0;0;0;0;0;0;0;0;1;0;0
"19/09/2025";"00:00:00";"201";"Sem vítima";"467,300";"BR-040/MG";"Crescente";"Colisão lateral no mesmo sentido";1;0;0;0;0;0;0;0;0;0;1;0;0;0;0
"19/09/2025";"03:51:00";"14";"Sem vítima";"413,500";"BR-040/MG";"Decrescente";"Tombamento";0;0;1;0;0;0;0;0;0;0;0;0;0;0;0
"19/09/2025";"16:58:00";"166";"Sem vítima";"526,404";"BR-040/MG";"Decrescente";"Colisão traseira";1;0;1;0;0;0;0;0;0;0;0;0;0;0;0
"19/09/2025";"17:13:00";"168";"Sem vítima";"526,404";"BR-040/MG";"Decrescente";"Engavetamento";3;0;0;0;0;0;0;0;0;0;0;0;0;0;0
"19/09/2025";"19:33:00";"191";"Sem vítima";"522,679";"BR-040/MG";"Decrescente";"Colisão traseira";0;0;0;1;0;0;0;0;0;0;1;0;0;0;0
"19/09/2025";"22:23:00";"223";"Com vítima";"477,398";"BR-040/MG";"Crescente";"Colisão traseira";0;0;1;0;1;0;0;0;0;0;1;11;2;1;0
"20/09/2025";"00:00:00";"128";"Sem vítima";"464,361";"BR-040/MG";"Decrescente";"Colisão lateral no mesmo sentido";2;0;0;0;0;0;0;0;0;0;0;0;0;0;0
"20/09/2025";"00:00:00";"130";"Sem vítima";"464,361";"BR-040/MG";"Decrescente";"Capotamento";1;0;0;0;0;0;0;0;0;0;0;0;0;0;0
"20/09/2025";"01:26:00";"6";"Sem vítima";"50,456";"BR-040/MG";"Decrescente";"Choque";1;0;0;0;0;0;0;0;0;0;0;0;0;0;0
"20/09/2025";"05:21:00";"22";"Sem vítima";"413,677";"BR-040/MG";"Decrescente";"Colisão lateral no mesmo sentido";2;0;0;0;0;0;0;0;0;0;2;0;0;0;0
"20/09/2025";"10:14:00";"80";"Sem vítima";"525,853";"BR-040/MG";"Decrescente";"Colisão traseira";1;0;1;0;0;0;0;0;0;0;0;0;0;0;0
"20/09/2025";"12:05:00";"103";"Sem vítima";"506,454";"BR-040/MG";"Crescente";"Engavetamento";2;0;1;0;0;0;0;0;0;0;3;0;0;0;0
"20/09/2025";"15:07:00";"122";"Sem vítima";"512,011";"BR-040/MG";"Decrescente";"Colisão traseira";2;0;0;0;0;0;0;0;0;0;0;0;0;0;0
"20/09/2025";"15:17:00";"123";"Sem vítima";"26,300";"BR-040/MG";"Decrescente";"Colisão transversal";1;0;0;0;0;0;0;0;0;0;1;0;0;0;0
"20/09/2025";"16:41:00";"136";"Sem vítima";"505,173";"BR-040/MG";"Crescente";"Acidentes de outra natureza";1;0;0;0;0;0;0;0;0;0;0;0;0;0;0
"20/09/2025";"16:52:00";"137";"Sem vítima";"456,355";"BR-040/MG";"Decrescente";"Choque";0;0;1;0;0;0;0;0;0;0;0;0;0;0;0
"20/09/2025";"20:37:00";"169";"Sem vítima";"481,913";"BR-040/MG";"Crescente";"Atropelamento de animal";1;0;0;0;0;0;0;0;0;0;2;0;0;0;0
"20/09/2025";"22:00:00";"175";"Com vítima";"36,683";"BR-040/MG";"Crescente";"Colisão lateral no mesmo sentido";1;0;1;0;0;0;0;0;0;0;1;2;0;0;0
"21/09/2025";"00:00:00";"135";"Sem vítima";"525,177";"BR-040/MG";"Crescente";"Engavetamento";2;0;0;1;0;0;0;0;0;0;1;0;0;0;0
"21/09/2025";"00:28:00";"1";"Com vítima";"521,797";"BR-040/MG";"Crescente";"Colisão lateral no mesmo sentido";1;0;0;1;0;0;0;0;0;0;1;0;1;0;0
"21/09/2025";"13:13:00";"87";"Sem vítima";"480,500";"BR-040/MG";"Crescente";"Choque";0;0;1;0;0;0;0;0;0;0;1;0;0;0;0
"21/09/2025";"13:48:00";"91";"Com vítima";"474,500";"BR-040/MG";"Decrescente";"Colisão traseira";1;0;1;0;0;0;0;0;0;0;1;0;1;1;0
"21/09/2025";"14:44:00";"99";"Com vítima";"507,200";"BR-040/MG";"Decrescente";"Tombamento";0;0;0;1;0;0;0;0;0;0;0;0;2;0;0
"21/09/2025";"16:08:00";"110";"Sem vítima";"17,650";"BR-040/MG";"Crescente";"Colisão lateral no mesmo sentido";1;0;0;0;0;0;0;1;0;0;2;0;0;0;0
"21/09/2025";"18:53:00";"122";"Sem vítima";"519,619";"BR-040/MG";"Decrescente";"Choque";1;0;0;0;0;0;0;0;0;0;0;0;0;0;0
"22/09/2025";"00:04:00";"2";"Com vítima";"35,420";"BR-040/MG";"Crescente";"Choque";1;0;0;0;0;0;0;0;0;0;0;3;0;0;0
"22/09/2025";"11:12:00";"128";"Com vítima";"329,200";"BR-040/MG";"Decrescente";"Colisão lateral no mesmo sentido";2;0;1;0;0;0;0;0;0;0;3;2;0;0;0
"22/09/2025";"11:38:00";"130";"Com vítima";"344,700";"BR-040/MG";"Crescente";"Colisão lateral no mesmo sentido";1;0;0;0;0;0;0;1;0;0;1;1;0;0;0
"22/09/2025";"13:21:00";"142";"Sem vítima";"533,134";"BR-040/MG";"Crescente";"Colisão lateral no mesmo sentido";0;0;0;0;0;0;0;0;0;1;3;0;0;0;0
"22/09/2025";"15:57:00";"158";"Com vítima";"510,600";"BR-040/MG";"Crescente";"Colisão traseira";0;0;0;1;0;0;0;0;0;0;0;0;0;1;0
"22/09/2025";"16:00:00";"159";"Com vítima";"518,400";"BR-040/MG";"Decrescente";"Tombamento";0;0;0;1;0;0;0;0;0;0;0;1;0;0;0
"22/09/2025";"18:30:00";"171";"Sem vítima";"508,800";"BR-040/MG";"Decrescente";"Colisão traseira";2;0;0;0;0;0;0;0;0;0;0;0;0;0;0
"22/09/2025";"19:47:00";"184";"Sem vítima";"333,700";"BR-040/MG";"Crescente";"Choque";0;0;2;0;0;0;0;0;0;0;0;0;0;0;0
"23/09/2025";"07:35:00";"74";"Com vítima";"515,852";"BR-040/MG";"Crescente";"Colisão traseira";0;0;0;2;0;0;0;0;0;0;0;1;0;0;0
"23/09/2025";"08:06:00";"87";"Com vítima";"527,995";"BR-040/MG";"Crescente";"Colisão traseira";2;0;0;1;0;0;0;0;0;0;0;1;0;0;0
"23/09/2025";"08:07:00";"88";"Sem vítima";"99,153";"BR-040/GO";"Decrescente";"Atropelamento de animal";1;0;0;0;0;0;0;0;0;0;3;0;0;0;0
"23/09/2025";"11:23:00";"136";"Com vítima";"500,459";"BR-040/MG";"Crescente";"Colisão lateral no mesmo sentido";1;0;0;1;0;0;0;0;0;0;1;1;0;0;0
"23/09/2025";"11:39:00";"138";"Sem vítima";"424,287";"BR-040/MG";"Crescente";"Choque";1;0;0;0;0;0;0;0;0;0;0;0;0;0;0
"23/09/2025";"18:16:00";"181";"Sem vítima";"454,800";"BR-040/MG";"Crescente";"Capotamento";1;0;0;0;0;0;0;0;0;0;1;0;0;0;0
"24/09/2025";"13:42:00";"221";"Sem vítima";"136,800";"BR-040/MG";"Crescente";"Colisão traseira";0;0;1;0;0;0;0;2;0;0;3;0;0;0;0
"24/09/2025";"17:06:00";"265";"Sem vítima";"299,900";"BR-040/MG";"Decrescente";"Choque";0;0;0;0;0;0;0;1;0;0;1;0;0;0;0
"24/09/2025";"21:40:00";"293";"Sem vítima";"439,860";"BR-040/MG";"Crescente";"Colisão traseira";0;0;1;0;0;0;0;0;0;0;0;0;0;0;0
"25/09/2025";"00:00:00";"164";"Sem vítima";"285,800";"BR-040/MG";"Decrescente";"Choque";1;0;0;0;0;0;0;0;0;0;1;0;0;0;0
"25/09/2025";"01:35:00";"4";"Com vítima";"460,596";"BR-040/MG";"Decrescente";"Capotamento";1;0;0;0;0;0;0;0;0;0;0;0;1;0;0
"26/09/2025";"00:00:00";"41";"Sem vítima";"139,800";"BR-040/GO";"Crescente";"Choque";1;0;0;0;0;0;0;0;0;0;1;0;0;0;0
"26/09/2025";"00:00:00";"178";"Sem vítima";"520,400";"BR-040/MG";"Decrescente";"Engavetamento";3;0;0;0;0;0;0;0;0;0;0;0;0;0;0
"26/09/2025";"09:59:00";"129";"Com vítima";"440,100";"BR-040/MG";"Crescente";"Colisão traseira";0;0;2;0;0;0;0;0;0;0;1;0;1;0;0
"26/09/2025";"13:01:00";"149";"Com vítima";"510,500";"BR-040/MG";"Decrescente";"Colisão lateral no mesmo sentido";0;0;1;2;0;0;0;0;0;0;2;0;1;0;0
"26/09/2025";"15:31:00";"166";"Sem vítima";"448,500";"BR-040/MG";"Decrescente";"Colisão lateral no mesmo sentido";1;0;1;0;0;0;0;0;0;0;2;0;0;0;0
"26/09/2025";"16:54:00";"171";"Sem vítima";"520,000";"BR-040/MG";"Decrescente";"Tombamento";0;0;0;1;0;0;0;0;0;0;1;0;0;0;0
"26/09/2025";"18:30:00";"183";"Sem vítima";"507,400";"BR-040/MG";"Decrescente";"Atropelamento de animal";0;0;0;1;0;0;0;0;0;0;0;0;0;0;0
"26/09/2025";"20:22:00";"198";"Sem vítima";"525,500";"BR-040/MG";"Crescente";"Atropelamento de animal";1;0;0;0;0;0;0;0;0;0;0;0;0;0;0
"26/09/2025";"22:51:00";"221";"Com vítima";"516,800";"BR-040/MG";"Decrescente";"Engavetamento";1;0;0;2;0;0;0;0;0;0;0;0;1;0;0
"27/09/2025";"05:29:00";"13";"Com vítima";"457,100";"BR-040/MG";"Crescente";"Colisão traseira";0;0;1;0;0;0;0;0;0;0;0;0;0;1;0
"27/09/2025";"08:51:00";"75";"Sem vítima";"527,429";"BR-040/MG";"Decrescente";"Colisão traseira";1;0;0;0;0;0;0;1;0;0;0;0;0;0;0
"27/09/2025";"11:31:00";"97";"Sem vítima";"156,300";"BR-040/GO";"Decrescente";"Colisão lateral no mesmo sentido";0;0;1;0;0;0;0;1;0;0;2;0;0;0;0
"27/09/2025";"20:00:00";"164";"Sem vítima";"44,209";"BR-040/MG";"Crescente";"Colisão transversal";2;0;0;0;0;0;0;0;0;0;0;0;0;0;0
"28/09/2025";"03:50:00";"8";"Com vítima";"396,398";"BR-040/MG";"Crescente";"Acidentes de outra natureza";0;0;1;0;0;0;0;0;0;0;0;1;0;0;0
"28/09/2025";"09:52:00";"48";"Sem vítima";"517,170";"BR-040/MG";"Crescente";"Colisão lateral no mesmo sentido";1;0;1;0;0;0;0;0;0;0;2;0;0;0;0
"28/09/2025";"12:09:00";"73";"Com vítima";"516,800";"BR-040/MG";"Crescente";"Colisão lateral no mesmo sentido";2;0;0;1;0;0;0;0;0;0;2;0;1;0;0
"28/09/2025";"15:13:00";"98";"Com vítima";"441,000";"BR-040/MG";"Crescente";"Capotamento";1;0;0;0;0;0;0;0;0;0;0;1;0;0;0
"28/09/2025";"18:20:00";"139";"Com vítima";"339,546";"BR-040/MG";"Crescente";"Colisão transversal";2;0;0;0;0;0;0;0;0;0;1;1;0;1;0
"28/09/2025";"18:30:00";"140";"Com vítima";"105,600";"BR-040/GO";"Crescente";"Atropelamento de animal";0;0;0;1;0;0;0;0;0;0;0;0;1;0;0
"29/09/2025";"00:00:00";"55";"Sem vítima";"506,300";"BR-040/MG";"Decrescente";"Colisão traseira";2;0;0;0;0;0;0;0;0;0;2;0;0;0;0
"29/09/2025";"03:07:00";"10";"Sem vítima";"49,427";"BR-040/MG";"Decrescente";"Acidentes de outra natureza";1;0;0;0;0;0;0;0;0;0;0;0;0;0;0
"29/09/2025";"08:14:00";"65";"Com vítima";"42,200";"BR-040/MG";"Decrescente";"Colisão transversal";1;0;1;0;0;0;0;0;0;0;1;1;0;0;0
"29/09/2025";"15:32:00";"147";"Sem vítima";"35,450";"BR-040/MG";"Crescente";"Colisão traseira";2;0;0;0;0;0;0;0;0;0;2;0;0;0;0
"29/09/2025";"18:30:00";"178";"Com vítima";"518,200";"BR-040/MG";"Decrescente";"Atropelamento de animal";0;0;0;1;0;0;0;0;0;0;0;0;1;0;0
"29/09/2025";"18:33:00";"166";"Com vítima";"141,250";"BR-040/MG";"Crescente";"Colisão frontal";0;0;1;1;0;0;0;0;0;0;1;0;0;0;1
"29/09/2025";"21:09:00";"181";"Com vítima";"519,417";"BR-040/MG";"Crescente";"Engavetamento";3;0;1;0;0;0;0;0;0;0;0;0;1;0;0
"30/09/2025";"00:00:00";"28";"Sem vítima";"526,800";"BR-040/MG";"Decrescente";"Colisão traseira";1;0;0;0;1;0;0;0;0;0;2;0;0;0;0
"30/09/2025";"00:00:00";"35";"Sem vítima";"487,350";"BR-040/MG";"Decrescente";"Colisão traseira";1;0;1;0;0;0;0;0;0;0;2;0;0;0;0
"30/09/2025";"00:00:00";"53";"Com vítima";"516,100";"BR-040/MG";"Decrescente";"Colisão lateral no mesmo sentido";1;0;0;1;0;0;0;0;0;0;1;1;0;0;0
"30/09/2025";"02:13:00";"4";"Sem vítima";"290,153";"BR-040/MG";"Decrescente";"Choque";1;0;0;0;0;0;0;0;0;0;0;0;0;0;0
"30/09/2025";"04:30:00";"7";"Sem vítima";"516,700";"BR-040/MG";"Crescente";"Colisão traseira";0;0;0;1;0;0;0;0;0;0;0;0;0;0;0
"30/09/2025";"13:39:00";"144";"Sem vítima";"464,500";"BR-040/MG";"Crescente";"Choque";2;0;0;0;0;0;0;0;0;0;2;0;0;0;0
"30/09/2025";"17:56:00";"172";"Sem vítima";"46,400";"BR-040/MG";"Crescente";"Colisão lateral no mesmo sentido";1;0;2;0;0;0;0;0;0;0;0;0;0;0;0
"30/09/2025";"18:00:00";"173";"Com vítima";"524,270";"BR-040/MG";"Decrescente";"Tombamento";0;0;0;1;0;0;0;0;0;0;0;0;1;0;0
"01/10/2025";"09:34:00";"108";"Sem vítima";"130,950";"BR-040/MG";"Decrescente";"Capotamento";1;0;0;0;0;0;0;0;0;0;1;0;0;0;0
"01/10/2025";"15:09:00";"149";"Sem vítima";"64,950";"BR-040/MG";"Crescente";"Choque";2;0;0;0;0;0;0;0;0;0;2;0;0;0;0
"01/10/2025";"15:24:00";"153";"Com vítima";"480,598";"BR-040/MG";"Crescente";"Colisão traseira";0;0;1;0;0;0;0;1;0;0;1;0;1;0;0
"01/10/2025";"20:17:00";"193";"Sem vítima";"531,590";"BR-040/MG";"Decrescente";"Colisão traseira";1;0;0;1;0;0;0;0;0;0;0;0;0;0;0
"02/10/2025";"00:00:00";"93";"Com vítima";"16,900";"BR-040/MG";"Crescente";"Colisão traseira";2;0;0;0;0;0;0;0;0;0;1;1;0;0;0
"02/10/2025";"01:19:00";"3";"Com vítima";"304,365";"BR-040/MG";"Decrescente";"Colisão frontal";1;0;0;0;0;0;0;2;0;0;0;1;1;1;1
"02/10/2025";"14:30:00";"155";"Sem vítima";"501,038";"BR-040/MG";"Crescente";"Tombamento";0;0;0;0;0;0;0;1;0;0;0;0;0;0;0
"02/10/2025";"22:58:00";"218";"Sem vítima";"484,605";"BR-040/MG";"Decrescente";"Acidentes de outra natureza";1;0;0;0;0;0;0;0;0;0;2;0;0;0;0
"03/10/2025";"00:00:00";"56";"Com vítima";"509,063";"BR-040/MG";"Crescente";"Engavetamento";1;0;1;1;0;0;0;0;0;0;2;1;0;0;0
"03/10/2025";"02:22:00";"6";"Sem vítima";"507,305";"BR-040/MG";"Decrescente";"Colisão traseira";1;0;1;0;0;0;0;0;0;0;0;0;0;0;0
"03/10/2025";"04:24:00";"11";"Sem vítima";"460,500";"BR-040/MG";"Crescente";"Choque";1;0;0;0;0;0;0;0;0;0;1;0;0;0;0
"03/10/2025";"07:52:00";"83";"Com vítima";"517,952";"BR-040/MG";"Crescente";"Colisão lateral no mesmo sentido";0;0;0;2;0;0;0;0;0;0;0;2;0;0;0
"03/10/2025";"16:09:00";"172";"Com vítima";"201,990";"BR-040/MG";"Decrescente";"Colisão traseira";1;0;0;0;0;0;0;0;0;0;1;1;0;0;0
"03/10/2025";"16:54:00";"181";"Sem vítima";"523,700";"BR-040/MG";"Decrescente";"Tombamento";0;0;0;0;0;0;0;1;0;0;1;0;0;0;0
"04/10/2025";"00:00:00";"169";"Sem vítima";"497,800";"BR-040/MG";"Crescente";"Colisão lateral no mesmo sentido";0;0;2;0;0;0;0;0;0;0;0;0;0;0;0
"04/10/2025";"00:53:00";"4";"Com vítima";"467,800";"BR-040/MG";"Crescente";"Colisão frontal";1;0;0;0;1;0;0;0;0;0;0;1;1;0;1
"04/10/2025";"01:12:00";"5";"Com vítima";"104,200";"BR-040/GO";"Crescente";"Colisão lateral no mesmo sentido";2;0;0;0;1;0;0;0;0;0;2;1;0;0;2
"04/10/2025";"04:00:00";"14";"Com vítima";"337,200";"BR-040/MG";"Crescente";"Colisão traseira";1;0;1;0;0;0;0;0;0;0;1;0;1;0;1
"04/10/2025";"07:27:00";"52";"Sem vítima";"461,732";"BR-040/MG";"Decrescente";"Colisão traseira";1;0;0;0;0;0;0;1;0;0;2;0;0;0;0
"04/10/2025";"08:17:00";"64";"Sem vítima";"486,850";"BR-040/MG";"Decrescente";"Colisão lateral no mesmo sentido";1;0;0;0;0;0;0;0;0;0;1;0;0;0;0
"04/10/2025";"10:15:00";"89";"Sem vítima";"512,700";"BR-040/MG";"Crescente";"Colisão traseira";2;0;0;0;0;0;0;0;0;0;2;0;0;0;0
"04/10/2025";"11:41:00";"105";"Sem vítima";"407,100";"BR-040/MG";"Decrescente";"Colisão traseira";2;0;0;0;0;0;0;0;0;0;2;0;0;0;0
"04/10/2025";"11:47:00";"106";"Com vítima";"510,680";"BR-040/MG";"Crescente";"Colisão traseira";1;0;0;1;0;0;0;0;0;0;1;1;0;0;0
"04/10/2025";"12:27:00";"110";"Com vítima";"505,850";"BR-040/MG";"Decrescente";"Colisão traseira";1;0;0;1;0;0;0;0;0;0;1;1;0;0;0
"04/10/2025";"13:16:00";"120";"Sem vítima";"511,500";"BR-040/MG";"Decrescente";"Engavetamento";3;0;0;0;0;0;0;0;0;0;3;0;0;0;0
"04/10/2025";"15:43:00";"149";"Com vítima";"36,500";"BR-040/MG";"Crescente";"Colisão traseira";1;0;1;1;0;0;0;0;0;0;2;1;0;0;0
"04/10/2025";"18:40:00";"166";"Sem vítima";"452,600";"BR-040/MG";"Crescente";"Choque";1;0;0;0;0;0;0;0;0;0;0;0;0;0;0
"04/10/2025";"22:34:00";"197";"Sem vítima";"393,800";"BR-040/MG";"Decrescente";"Atropelamento de animal";1;0;0;0;0;0;0;0;0;0;3;0;0;0;0
"05/10/2025";"01:47:00";"7";"Sem vítima";"325,120";"BR-040/MG";"Decrescente";"Atropelamento de animal";0;0;1;0;0;0;0;0;0;0;0;0;0;0;0
"05/10/2025";"04:07:00";"10";"Sem vítima";"227,700";"BR-040/MG";"Decrescente";"Tombamento";1;0;0;0;0;0;0;0;0;0;0;0;0;0;0
"05/10/2025";"11:30:00";"68";"Com vítima";"517,800";"BR-040/MG";"Crescente";"Colisão lateral no mesmo sentido";0;0;1;1;0;0;0;0;0;0;0;2;0;0;0
"05/10/2025";"13:00:00";"79";"Sem vítima";"512,346";"BR-040/MG";"Crescente";"Colisão traseira";1;0;1;0;0;0;0;0;0;0;0;0;0;0;0
"05/10/2025";"16:00:00";"100";"Sem vítima";"458,584";"BR-040/MG";"Decrescente";"Colisão traseira";2;0;0;0;0;0;0;0;0;0;0;0;0;0;0
"06/10/2025";"00:00:00";"170";"Com vítima";"36,265";"BR-040/MG";"Crescente";"Colisão traseira";2;0;2;0;0;0;0;0;0;0;2;2;2;0;0
"06/10/2025";"07:34:00";"86";"Com vítima";"525,241";"BR-040/MG";"Crescente";"Colisão transversal";1;0;0;1;0;0;0;0;0;0;1;1;0;0;0
"06/10/2025";"11:10:00";"137";"Sem vítima";"86,900";"BR-040/MG";"Crescente";"Colisão traseira";1;0;1;0;0;0;0;0;0;0;0;0;0;0;0
"06/10/2025";"17:45:00";"189";"Com vítima";"523,100";"BR-040/MG";"Decrescente";"Colisão traseira";1;0;0;1;0;0;0;0;0;0;1;1;0;0;0
"07/10/2025";"06:43:00";"37";"Com vítima";"15,840";"BR-040/MG";"Crescente";"Choque";0;0;0;1;0;0;0;0;0;0;0;0;1;0;0
"07/10/2025";"07:25:00";"73";"Com vítima";"520,577";"BR-040/MG";"Crescente";"Tombamento";0;0;0;1;0;0;0;0;0;0;0;1;0;0;0
"07/10/2025";"11:08:00";"136";"Com vítima";"481,461";"BR-040/MG";"Decrescente";"Colisão traseira";0;0;1;0;0;0;0;1;0;0;1;0;1;0;0
"08/10/2025";"00:00:00";"127";"Com vítima";"522,300";"BR-040/MG";"Decrescente";"Colisão lateral no mesmo sentido";1;0;1;0;0;0;0;0;0;0;2;0;0;0;1
"08/10/2025";"06:14:00";"30";"Sem vítima";"46,300";"BR-040/MG";"Crescente";"Colisão traseira";0;0;2;0;0;0;0;0;0;0;3;0;0;0;0
"08/10/2025";"16:50:00";"173";"Sem vítima";"523,300";"BR-040/MG";"Crescente";"Engavetamento";3;0;0;0;0;0;0;0;0;0;2;0;0;0;0
"09/10/2025";"00:00:00";"117";"Sem vítima";"61,342";"BR-040/MG";"Crescente";"Atropelamento de animal";1;0;0;0;0;0;0;0;0;0;0;0;0;0;0
"09/10/2025";"00:00:00";"166";"Com vítima";"141,958";"BR-040/MG";"Crescente";"Tombamento";0;0;0;1;0;0;0;0;0;0;0;1;0;0;0
"09/10/2025";"06:30:00";"40";"Com vítima";"421,980";"BR-040/MG";"Decrescente";"Colisão frontal";1;0;1;0;0;0;0;0;0;0;1;1;0;0;0
"09/10/2025";"08:07:00";"84";"Com vítima";"43,159";"BR-040/MG";"Crescente";"Tombamento";1;0;0;1;0;0;0;0;0;0;0;2;0;0;0
"09/10/2025";"09:59:00";"120";"Sem vítima";"458,800";"BR-040/MG";"Crescente";"Engavetamento";3;0;0;0;0;0;0;0;0;0;0;0;0;0;0
"09/10/2025";"12:42:00";"151";"Sem vítima";"68,500";"BR-040/MG";"Crescente";"Colisão frontal";2;0;0;0;0;0;0;0;0;0;0;0;0;0;0
"09/10/2025";"16:22:00";"177";"Sem vítima";"461,400";"BR-040/MG";"Crescente";"Tombamento";1;0;0;0;0;0;0;0;0;0;1;0;0;0;0
"09/10/2025";"19:12:00";"197";"Sem vítima";"506,300";"BR-040/MG";"Crescente";"Colisão traseira";2;0;0;0;0;0;0;0;0;0;2;0;0;0;0
"09/10/2025";"19:31:00";"201";"Com vítima";"457,500";"BR-040/MG";"Decrescente";"Choque";1;0;0;0;0;0;0;0;0;0;0;1;0;0;0
"10/10/2025";"00:00:00";"171";"Com vítima";"520,300";"BR-040/MG";"Decrescente";"Colisão transversal";1;0;0;1;0;0;0;0;0;0;2;1;0;0;0
"10/10/2025";"03:01:00";"9";"Sem vítima";"306,600";"BR-040/MG";"Decrescente";"Colisão traseira";0;0;2;0;0;0;0;0;0;0;0;0;0;0;0
"10/10/2025";"06:50:00";"58";"Com vítima";"285,800";"BR-040/MG";"Decrescente";"Colisão lateral no mesmo sentido";1;0;0;1;0;0;0;0;0;0;0;0;0;1;0