data;horario;n_da_ocorrencia;tipo_de_ocorrencia;km;trecho;sentido;tipo_de_acidente;automovel;bicicleta;caminhao;moto;onibus;outros;tracao_animal;transporte_de_cargas_especiais;trator_maquinas;utilitarios;ilesos;levemente_feridos;moderadamente_feridos;gravemente_feridos;mortos
"10/10/2025";"07:08:00";"59";"Com vítima";"508,858";"BR-040/MG";"Crescente";"Colisão traseira";1;0;0;1;0;0;0;0;0;0;0;1;0;0;0
"10/10/2025";"07:57:00";"100";"Sem vítima";"425,200";"BR-040/MG";"Decrescente";"Choque";1;0;0;0;0;0;0;0;0;0;2;0;0;0;0
"10/10/2025";"12:04:00";"138";"Sem vítima";"473,300";"BR-040/MG";"Decrescente";"Tombamento";0;0;0;0;0;0;0;1;0;0;1;0;0;0;0
"10/10/2025";"12:42:00";"145";"Com vítima";"504,850";"BR-040/MG";"Crescente";"Colisão traseira";0;0;1;1;0;0;0;0;0;0;0;0;1;0;0
"11/10/2025";"04:48:00";"22";"Com vítima";"282,732";"BR-040/MG";"Crescente";"Colisão lateral no mesmo sentido";2;0;1;0;0;0;0;0;0;0;2;2;0;0;0
"11/10/2025";"09:30:00";"88";"Com vítima";"523,050";"BR-040/MG";"Decrescente";"Acidentes de outra natureza";0;0;0;1;0;0;0;0;0;0;0;0;1;0;0
"11/10/2025";"10:30:00";"96";"Com vítima";"510,784";"BR-040/MG";"Decrescente";"Colisão traseira";2;0;0;0;0;0;0;0;0;0;1;0;0;1;0
"11/10/2025";"13:48:00";"125";"Sem vítima";"29,100";"BR-040/MG";"Crescente";"Capotamento";1;0;0;0;0;0;0;0;0;0;2;0;0;0;0
"11/10/2025";"19:08:00";"165";"Com vítima";"281,100";"BR-040/MG";"Decrescente";"Colisão traseira";1;0;0;1;0;0;0;0;0;0;0;0;1;0;0
"12/10/2025";"01:48:00";"11";"Sem vítima";"473,100";"BR-040/MG";"Decrescente";"Choque";1;0;0;0;0;0;0;0;0;0;0;0;0;0;0
"12/10/2025";"06:24:00";"34";"Sem vítima";"471,677";"BR-040/MG";"Crescente";"Choque";0;0;1;0;0;0;0;0;0;0;0;0;0;0;0
"12/10/2025";"09:40:00";"61";"Sem vítima";"517,831";"BR-040/MG";"Crescente";"Colisão traseira";1;0;0;1;0;0;0;0;0;0;0;0;0;0;0
"12/10/2025";"11:38:00";"84";"Sem vítima";"355,500";"BR-040/MG";"Decrescente";"Colisão lateral no mesmo sentido";2;0;0;0;0;0;0;0;0;0;1;0;0;0;0
"12/10/2025";"11:42:00";"85";"Com vítima";"517,672";"BR-040/MG";"Crescente";"Colisão transversal";2;0;0;0;0;0;0;0;0;0;2;1;0;0;0
"12/10/2025";"12:22:00";"95";"Com vítima";"515,734";"BR-040/MG";"Crescente";"Colisão traseira";1;0;0;0;1;0;0;0;0;0;1;1;0;0;0
"12/10/2025";"13:44:00";"105";"Sem vítima";"140,500";"BR-040/MG";"Crescente";"Engavetamento";2;0;0;0;0;0;0;0;0;0;0;0;0;0;0
"12/10/2025";"14:54:00";"114";"Com vítima";"136,200";"BR-040/MG";"Crescente";"Tombamento";0;0;0;1;0;0;0;0;0;0;1;1;0;0;0
"12/10/2025";"16:37:00";"140";"Sem vítima";"85,010";"BR-040/MG";"Decrescente";"Choque";1;0;0;0;0;1;0;0;0;0;1;0;0;0;0
"12/10/2025";"17:08:00";"147";"Com vítima";"527,301";"BR-040/MG";"Crescente";"Atropelamento de pedestre";0;0;0;0;0;0;0;0;0;0;0;1;0;0;0
"13/10/2025";"00:00:00";"109";"Sem vítima";"102,530";"BR-040/MG";"Crescente";"Choque";0;0;1;0;0;0;0;0;0;0;0;0;0;0;0
"13/10/2025";"00:00:00";"210";"Sem vítima";"527,800";"BR-040/MG";"Crescente";"Colisão lateral no mesmo sentido";2;0;0;0;0;0;0;0;0;0;2;0;0;0;0
"13/10/2025";"00:00:00";"227";"Sem vítima";"474,400";"BR-040/MG";"Crescente";"Colisão traseira";2;0;0;0;0;0;0;0;0;0;2;0;0;0;0
"13/10/2025";"04:00:00";"99";"Sem vítima";"144,900";"BR-040/GO";"Decrescente";"Choque";1;0;0;0;0;0;0;0;0;0;0;0;0;0;0
"13/10/2025";"06:17:00";"35";"Sem vítima";"447,520";"BR-040/MG";"Crescente";"Tombamento";0;0;0;1;0;0;0;0;0;0;0;0;0;0;0
"13/10/2025";"06:34:00";"59";"Com vítima";"522,080";"BR-040/MG";"Crescente";"Colisão traseira";2;0;0;0;0;0;0;0;0;0;2;1;0;0;0
"13/10/2025";"07:34:00";"93";"Sem vítima";"513,720";"BR-040/MG";"Crescente";"Engavetamento";1;0;0;1;0;0;0;0;0;0;2;0;0;0;0
"13/10/2025";"08:20:00";"114";"Sem vítima";"473,010";"BR-040/MG";"Crescente";"Choque";1;0;0;0;0;0;0;0;0;0;1;0;0;0;0
"13/10/2025";"15:00:00";"185";"Sem vítima";"506,714";"BR-040/MG";"Crescente";"Colisão traseira";1;0;1;0;0;0;0;0;0;0;1;0;0;0;0
"13/10/2025";"16:29:00";"202";"Sem vítima";"464,300";"BR-040/MG";"Crescente";"Choque";1;0;0;0;0;0;0;0;0;0;1;0;0;0;0
"13/10/2025";"19:05:00";"228";"Sem vítima";"120,900";"BR-040/GO";"Crescente";"Choque";1;0;0;0;0;0;0;0;0;0;1;0;0;0;0
"13/10/2025";"19:06:00";"229";"Sem vítima";"522,100";"BR-040/MG";"Decrescente";"Colisão traseira";2;0;0;0;0;0;0;0;0;0;1;0;0;0;0
"13/10/2025";"19:31:00";"235";"Sem vítima";"511,200";"BR-040/MG";"Crescente";"Colisão traseira";2;0;0;0;0;0;0;0;0;0;2;0;0;0;0
"13/10/2025";"23:23:00";"250";"Com vítima";"219,648";"BR-040/MG";"Decrescente";"Choque";0;0;1;0;0;0;0;0;0;0;0;0;1;0;0
"14/10/2025";"00:00:00";"13";"Sem vítima";"447,100";"BR-040/MG";"Crescente";"Choque";1;0;0;0;0;0;0;0;0;0;0;0;0;0;0
"14/10/2025";"00:00:00";"203";"Sem vítima";"395,500";"BR-040/MG";"Crescente";"Atropelamento de animal";1;0;0;0;0;0;0;0;0;0;1;0;0;0;0
"14/10/2025";"05:48:00";"18";"Sem vítima";"516,100";"BR-040/MG";"Decrescente";"Capotamento";1;0;0;0;0;0;0;0;0;0;0;0;0;0;0
"14/10/2025";"12:58:00";"171";"Sem vítima";"527,111";"BR-040/MG";"Crescente";"Colisão traseira";0;0;0;1;0;0;0;1;0;0;0;0;0;0;0
"14/10/2025";"16:13:00";"193";"Com vítima";"142,175";"BR-040/MG";"Decrescente";"Colisão transversal";1;0;0;1;0;0;0;0;0;0;1;1;0;0;0
"14/10/2025";"21:55:00";"238";"Com vítima";"513,200";"BR-040/MG";"Decrescente";"Choque";1;0;0;0;0;0;0;0;0;0;1;2;0;0;0
"14/10/2025";"22:08:00";"242";"Sem vítima";"503,886";"BR-040/MG";"Decrescente";"Choque";1;0;0;0;0;0;0;0;0;0;1;0;0;0;0
"14/10/2025";"23:23:00";"1";"Sem vítima";"247,944";"BR-040/MG";"Decrescente";"Choque";0;0;1;0;0;0;0;0;0;0;1;0;0;0;0
"15/10/2025";"00:00:00";"140";"Sem vítima";"478,200";"BR-040/MG";"Decrescente";"Choque";1;0;0;0;0;0;0;0;0;0;1;0;0;0;0
"15/10/2025";"12:16:00";"145";"Sem vítima";"483,400";"BR-040/MG";"Crescente";"Colisão lateral no mesmo sentido";1;0;0;0;0;0;0;1;0;0;2;0;0;0;0
"15/10/2025";"13:04:00";"7";"Sem vítima";"523,600";"BR-040/MG";"Crescente";"Atropelamento de animal";0;0;1;0;0;0;0;1;0;0;1;0;0;0;0
"15/10/2025";"16:52:00";"195";"Com vítima";"467,750";"BR-040/MG";"Decrescente";"Capotamento";1;0;0;0;0;0;0;0;0;0;0;1;1;0;0
"16/10/2025";"00:00:00";"207";"Com vítima";"525,767";"BR-040/MG";"Decrescente";"Colisão lateral no mesmo sentido";1;0;0;1;0;0;0;0;0;0;0;1;0;0;0
"16/10/2025";"00:03:00";"1";"Com vítima";"360,100";"BR-040/MG";"Crescente";"Choque";1;0;0;0;0;0;0;0;0;0;1;1;0;0;0
"16/10/2025";"06:44:00";"59";"Sem vítima";"526,300";"BR-040/MG";"Crescente";"Colisão lateral no mesmo sentido";1;0;0;0;0;0;0;1;0;0;0;0;0;0;0
"16/10/2025";"09:37:00";"121";"Com vítima";"407,411";"BR-040/MG";"Crescente";"Capotamento";1;0;0;0;0;0;0;1;0;0;1;2;2;0;0
"16/10/2025";"16:06:00";"185";"Sem vítima";"363,900";"BR-040/MG";"Crescente";"Tombamento";0;0;0;1;0;0;0;0;0;0;1;0;0;0;0
"16/10/2025";"16:20:00";"190";"Sem vítima";"419,400";"BR-040/MG";"Decrescente";"Colisão lateral no mesmo sentido";1;0;1;0;0;0;0;0;0;0;1;0;0;0;0
"16/10/2025";"20:38:00";"215";"Sem vítima";"115,200";"BR-040/GO";"Decrescente";"Colisão traseira";2;0;0;0;0;0;0;0;0;0;1;0;0;0;0
"17/10/2025";"00:00:00";"185";"Sem vítima";"529,800";"BR-040/MG";"Crescente";"Choque";1;0;0;0;0;0;0;0;0;0;0;0;0;0;0
"17/10/2025";"00:00:00";"276";"Com vítima";"437,400";"BR-040/MG";"Decrescente";"Atropelamento de pedestre";1;0;0;0;0;0;0;0;0;0;1;0;0;0;1
"17/10/2025";"01:12:00";"5";"Sem vítima";"525,158";"BR-040/MG";"Decrescente";"Colisão lateral no mesmo sentido";1;0;1;0;0;0;0;0;0;0;0;0;0;0;0
"17/10/2025";"06:30:00";"63";"Sem vítima";"105,548";"BR-040/GO";"Crescente";"Colisão lateral no mesmo sentido";2;0;0;0;0;0;0;0;0;0;0;0;0;0;0
"17/10/2025";"08:00:00";"102";"Com vítima";"466,227";"BR-040/MG";"Crescente";"Colisão traseira";1;0;0;1;0;0;0;0;0;0;1;1;0;0;0
"17/10/2025";"10:15:00";"148";"Sem vítima";"530,211";"BR-040/MG";"Crescente";"Colisão traseira";2;0;0;0;0;0;0;0;0;0;0;0;0;0;0
"17/10/2025";"11:13:00";"162";"Sem vítima";"495,100";"BR-040/MG";"Crescente";"Engavetamento";2;0;1;0;0;0;0;1;0;0;0;0;0;0;0
"17/10/2025";"14:20:00";"201";"Com vítima";"131,301";"BR-040/MG";"Decrescente";"Colisão traseira";0;0;1;1;0;0;0;0;0;0;0;1;0;0;0
"17/10/2025";"17:18:00";"247";"Sem vítima";"39,840";"BR-040/MG";"Decrescente";"Colisão transversal";1;0;0;1;0;0;0;0;0;0;0;0;0;0;0
"17/10/2025";"19:04:00";"261";"Com vítima";"529,200";"BR-040/MG";"Decrescente";"Choque";0;0;0;1;0;0;0;0;0;0;0;1;0;0;0
"17/10/2025";"20:08:00";"271";"Sem vítima";"506,070";"BR-040/MG";"Decrescente";"Atropelamento de animal";0;0;0;1;0;0;0;0;0;0;1;0;0;0;0
"17/10/2025";"22:15:00";"286";"Sem vítima";"527,989";"BR-040/MG";"Crescente";"Colisão lateral no mesmo sentido";1;0;0;0;0;0;0;0;0;0;1;0;0;0;0
"17/10/2025";"22:58:00";"293";"Sem vítima";"478,600";"BR-040/MG";"Crescente";"Acidentes de outra natureza";1;0;0;0;0;0;0;0;0;0;2;0;0;0;0
"17/10/2025";"23:05:00";"295";"Sem vítima";"511,100";"BR-040/MG";"Decrescente";"Colisão lateral no mesmo sentido";0;0;0;1;0;0;0;0;0;0;2;0;0;0;0
"17/10/2025";"23:21:00";"296";"Sem vítima";"468,500";"BR-040/MG";"Decrescente";"Atropelamento de animal";1;0;0;0;0;0;0;0;0;0;1;0;0;0;0
"18/10/2025";"00:00:00";"197";"Sem vítima";"508,800";"BR-040/MG";"Decrescente";"Choque";1;0;0;0;0;0;0;0;0;0;0;0;0;0;0
"19/10/2025";"00:00:00";"4";"Sem vítima";"487,000";"BR-040/MG";"Decrescente";"Colisão traseira";2;0;0;0;0;0;0;0;0;0;0;0;0;0;0
"19/10/2025";"00:14:00";"1";"Sem vítima";"362,046";"BR-040/MG";"Decrescente";"Choque";1;0;0;0;0;0;0;0;0;0;1;0;0;0;0
"19/10/2025";"12:26:00";"89";"Sem vítima";"168,900";"BR-040/MG";"Crescente";"Tombamento";0;0;1;0;0;0;0;0;0;0;2;0;0;0;0
"19/10/2025";"14:59:00";"107";"Com vítima";"514,350";"BR-040/MG";"Crescente";"Colisão traseira";1;0;0;1;0;0;0;0;0;0;1;1;0;0;0
"19/10/2025";"15:29:00";"111";"Sem vítima";"129,100";"BR-040/GO";"Decrescente";"Colisão lateral no mesmo sentido";0;0;1;0;0;0;0;0;0;0;1;0;0;0;0
"19/10/2025";"19:28:00";"146";"Com vítima";"507,300";"BR-040/MG";"Crescente";"Colisão lateral no mesmo sentido";1;0;0;1;0;0;0;0;0;0;0;0;0;1;0
"20/10/2025";"00:00:00";"67";"Com vítima";"517,250";"BR-040/MG";"Crescente";"Colisão lateral no mesmo sentido";3;0;0;1;0;0;0;0;0;0;3;0;2;0;0
"20/10/2025";"00:56:00";"2";"Com vítima";"41,500";"BR-040/MG";"Crescente";"Atropelamento de pedestre";1;0;0;0;0;0;0;0;0;0;0;0;1;0;0
"20/10/2025";"02:04:00";"5";"Sem vítima";"502,340";"BR-040/MG";"Decrescente";"Atropelamento de animal";0;0;1;0;0;0;0;0;0;0;0;0;0;0;0
"20/10/2025";"11:33:00";"132";"Sem vítima";"50,551";"BR-040/MG";"Crescente";"Colisão transversal";2;0;0;0;0;0;0;0;0;0;0;0;0;0;0
"20/10/2025";"16:42:00";"162";"Com vítima";"108,424";"BR-040/MG";"Crescente";"Capotamento";3;0;1;0;0;0;0;0;0;0;2;2;0;0;0
"20/10/2025";"18:23:00";"169";"Com vítima";"192,600";"BR-040/MG";"Crescente";"Colisão lateral no mesmo sentido";1;0;0;0;0;0;0;1;0;0;1;1;0;0;0
"20/10/2025";"20:20:00";"178";"Sem vítima";"152,669";"BR-040/MG";"Crescente";"Tombamento";0;0;0;0;0;0;0;1;0;0;1;0;0;0;0
"21/10/2025";"00:00:00";"95";"Sem vítima";"114,200";"BR-040/GO";"Decrescente";"Choque";1;0;0;0;0;0;0;0;0;0;0;0;0;0;0
"21/10/2025";"00:00:00";"204";"Sem vítima";"478,900";"BR-040/MG";"Crescente";"Choque";1;0;0;0;0;0;0;0;0;0;1;0;0;0;0
"21/10/2025";"06:35:00";"62";"Sem vítima";"532,635";"BR-040/MG";"Crescente";"Colisão traseira";1;0;0;0;0;0;0;0;0;0;0;0;0;0;0
"21/10/2025";"07:07:00";"85";"Com vítima";"42,800";"BR-040/MG";"Crescente";"Colisão transversal";1;0;0;1;0;0;0;0;0;0;0;0;1;0;0
"21/10/2025";"08:20:00";"120";"Sem vítima";"528,962";"BR-040/MG";"Decrescente";"Engavetamento";4;0;0;0;0;0;0;0;0;0;0;0;0;0;0
"21/10/2025";"13:26:00";"169";"Com vítima";"296,484";"BR-040/MG";"Decrescente";"Capotamento";1;0;0;0;0;0;0;0;0;0;0;1;0;0;0
"21/10/2025";"18:44:00";"208";"Sem vítima";"302,700";"BR-040/MG";"Crescente";"Colisão traseira";2;0;0;0;0;0;0;0;0;0;2;0;0;0;0
"21/10/2025";"20:31:00";"218";"Sem vítima";"136,500";"BR-040/MG";"Decrescente";"Atropelamento de animal";1;0;0;0;0;0;0;0;0;0;1;0;0;0;0
"21/10/2025";"23:56:00";"232";"Sem vítima";"521,550";"BR-040/MG";"Crescente";"Atropelamento de animal";0;0;1;0;0;0;0;0;0;0;1;0;0;0;0
"22/10/2025";"00:00:00";"230";"Sem vítima";"202,906";"BR-040/MG";"Decrescente";"Atropelamento de ciclista";1;0;0;0;0;0;0;0;0;0;1;0;0;0;0
"22/10/2025";"07:19:00";"75";"Sem vítima";"196,047";"BR-040/MG";"Crescente";"Colisão traseira";1;0;0;0;0;0;0;1;0;0;0;0;0;0;0
"22/10/2025";"09:14:00";"124";"Sem vítima";"95,759";"BR-040/MG";"Crescente";"Colisão frontal";2;0;0;0;0;0;0;0;0;0;0;0;0;0;0
"22/10/2025";"11:50:00";"158";"Sem vítima";"452,192";"BR-040/MG";"Decrescente";"Tombamento";0;0;0;1;0;0;0;0;0;0;0;0;0;0;0
"22/10/2025";"16:54:00";"204";"Sem vítima";"369,300";"BR-040/MG";"Decrescente";"Colisão traseira";0;0;0;0;0;0;0;2;0;0;2;0;0;0;0
"22/10/2025";"17:39:00";"210";"Sem vítima";"526,200";"BR-040/MG";"Decrescente";"Colisão lateral no mesmo sentido";1;0;0;1;0;0;0;0;0;0;2;0;0;0;0
"22/10/2025";"18:42:00";"216";"Sem vítima";"507,500";"BR-040/MG";"Crescente";"Colisão traseira";0;0;0;1;0;0;0;0;0;0;1;0;0;0;0
"23/10/2025";"00:00:00";"261";"Com vítima";"415,200";"BR-040/MG";"Crescente";"Colisão lateral no mesmo sentido";1;0;0;0;0;0;0;0;0;0;0;0;1;0;0
"23/10/2025";"00:26:00";"4";"Com vítima";"482,950";"BR-040/MG";"Crescente";"Atropelamento de animal";2;0;0;0;0;0;0;0;0;0;1;0;1;0;0
"23/10/2025";"07:21:00";"93";"Com vítima";"531,630";"BR-040/MG";"Crescente";"Colisão traseira";1;0;0;1;0;0;0;0;0;0;1;0;1;0;0
"23/10/2025";"09:30:00";"127";"Sem vítima";"302,800";"BR-040/MG";"Decrescente";"Colisão lateral no mesmo sentido";0;0;0;1;0;0;0;0;0;0;0;0;0;0;0
"23/10/2025";"11:20:00";"147";"Sem vítima";"519,341";"BR-040/MG";"Crescente";"Colisão lateral no mesmo sentido";1;0;0;0;0;0;0;0;0;0;0;0;0;0;0
"23/10/2025";"19:30:00";"236";"Sem vítima";"214,500";"BR-040/MG";"Crescente";"Colisão traseira";0;0;2;0;0;0;0;0;0;0;2;0;0;0;0
"24/10/2025";"00:00:00";"235";"Com vítima";"103,496";"BR-040/GO";"Decrescente";"Tombamento";0;0;1;0;0;0;0;0;0;0;0;1;0;0;0
"24/10/2025";"06:59:00";"64";"Com vítima";"525,300";"BR-040/MG";"Crescente";"Colisão traseira";1;0;0;1;0;0;0;0;0;0;1;0;1;0;0
"24/10/2025";"10:19:00";"127";"Sem vítima";"455,157";"BR-040/MG";"Crescente";"Colisão traseira";2;0;0;0;0;0;0;0;0;0;2;0;0;0;0
"24/10/2025";"12:23:00";"153";"Com vítima";"492,950";"BR-040/MG";"Decrescente";"Acidentes de outra natureza";1;0;0;0;0;0;0;0;0;0;0;0;1;0;0
"24/10/2025";"17:26:00";"193";"Com vítima";"519,534";"BR-040/MG";"Decrescente";"Colisão traseira";1;0;0;1;0;0;0;0;0;0;0;0;1;0;0
"24/10/2025";"17:31:00";"194";"Sem vítima";"470,041";"BR-040/MG";"Decrescente";"Engavetamento";2;0;1;0;0;0;0;0;0;0;0;0;0;0;0
"24/10/2025";"18:58:00";"205";"Com vítima";"422,384";"BR-040/MG";"Crescente";"Colisão transversal";2;0;0;0;0;0;0;0;0;0;0;4;1;0;0
"24/10/2025";"19:03:00";"206";"Sem vítima";"466,252";"BR-040/MG";"Decrescente";"Colisão traseira";2;0;0;0;0;0;0;0;0;0;0;0;0;0;0
"25/10/2025";"00:09:00";"2";"Sem vítima";"511,040";"BR-040/MG";"Decrescente";"Colisão traseira";2;0;0;0;0;0;0;0;0;0;0;0;0;0;0
"25/10/2025";"11:00:00";"109";"Com vítima";"509,700";"BR-040/MG";"Decrescente";"Engavetamento";6;0;0;0;0;0;0;0;0;0;1;2;0;0;0
"25/10/2025";"13:20:00";"134";"Com vítima";"518,700";"BR-040/MG";"Decrescente";"Colisão lateral no mesmo sentido";1;0;0;1;0;0;0;0;0;0;0;1;0;0;0
"25/10/2025";"15:04:00";"149";"Com vítima";"509,700";"BR-040/MG";"Decrescente";"Tombamento";0;0;0;1;0;0;0;0;0;0;0;1;0;0;0
"26/10/2025";"00:00:00";"142";"Com vítima";"517,600";"BR-040/MG";"Crescente";"Colisão lateral no mesmo sentido";1;0;0;1;0;0;0;0;0;0;0;1;0;0;0
"26/10/2025";"07:56:00";"42";"Com vítima";"96,185";"BR-040/GO";"Decrescente";"Colisão traseira";0;0;0;1;0;0;0;0;0;0;0;1;0;0;0
"26/10/2025";"11:46:00";"87";"Com vítima";"342,602";"BR-040/MG";"Crescente";"Choque";1;0;0;0;0;0;0;0;0;0;0;1;1;0;0
"27/10/2025";"00:00:00";"191";"Sem vítima";"532,900";"BR-040/MG";"Decrescente";"Engavetamento";2;0;1;0;0;0;0;0;0;0;3;0;0;0;0
"27/10/2025";"06:30:00";"73";"Sem vítima";"114,800";"BR-040/GO";"Decrescente";"Atropelamento de animal";1;0;0;0;0;0;0;0;0;0;0;0;0;0;0
"27/10/2025";"08:18:00";"99";"Sem vítima";"137,300";"BR-040/MG";"Decrescente";"Choque";2;0;1;0;0;0;0;0;0;0;0;0;0;0;0
"27/10/2025";"10:18:00";"127";"Com vítima";"531,598";"BR-040/MG";"Crescente";"Colisão traseira";1;0;0;1;0;0;0;0;0;0;1;0;1;0;0
"27/10/2025";"11:22:00";"149";"Sem vítima";"496,450";"BR-040/MG";"Decrescente";"Engavetamento";4;0;0;0;0;0;0;0;0;0;4;0;0;0;0
"27/10/2025";"11:47:00";"151";"Sem vítima";"99,099";"BR-040/GO";"Decrescente";"Colisão traseira";2;0;0;0;0;0;0;0;0;0;0;0;0;0;0
"27/10/2025";"15:41:00";"187";"Sem vítima";"478,200";"BR-040/MG";"Decrescente";"Colisão transversal";1;0;0;0;0;0;0;1;0;0;2;0;0;0;0
"27/10/2025";"17:33:00";"202";"Sem vítima";"403,100";"BR-040/MG";"Decrescente";"Colisão lateral no mesmo sentido";1;0;0;0;0;0;0;1;0;0;2;0;0;0;0
"27/10/2025";"21:33:00";"231";"Com vítima";"531,100";"BR-040/MG";"Decrescente";"Colisão lateral no mesmo sentido";1;0;0;1;0;0;0;0;0;0;0;1;0;0;0
"28/10/2025";"16:27:00";"190";"Com vítima";"530,411";"BR-040/MG";"Decrescente";"Colisão traseira";1;0;0;1;0;0;0;0;0;0;1;1;0;0;0
"29/10/2025";"00:00:00";"177";"Sem vítima";"373,900";"BR-040/MG";"Decrescente";"Tombamento";0;0;1;0;0;0;0;0;0;0;1;0;0;0;0
"29/10/2025";"00:00:00";"193";"Sem vítima";"223,570";"BR-040/MG";"Decrescente";"Atropelamento de animal";1;0;0;0;0;0;0;0;0;0;0;0;0;0;0
"29/10/2025";"07:17:00";"51";"Com vítima";"481,200";"BR-040/MG";"Decrescente";"Choque";0;0;1;0;0;0;0;0;0;0;0;1;0;0;0
"29/10/2025";"08:49:00";"97";"Sem vítima";"316,800";"BR-040/MG";"Decrescente";"Colisão lateral no mesmo sentido";1;0;0;0;0;0;0;1;0;0;0;0;0;0;0
"29/10/2025";"17:55:00";"178";"Com vítima";"42,900";"BR-040/MG";"Decrescente";"Colisão transversal";0;0;0;2;0;0;0;0;0;0;0;1;0;0;0
"30/10/2025";"16:35:00";"198";"Sem vítima";"527,900";"BR-040/MG";"Decrescente";"Capotamento";1;0;0;0;0;0;0;0;0;0;1;0;0;0;0
"30/10/2025";"16:47:00";"201";"Com vítima";"523,650";"BR-040/MG";"Decrescente";"Tombamento";0;0;0;1;0;0;0;0;0;0;0;0;1;0;0
"30/10/2025";"17:13:00";"203";"Sem vítima";"523,600";"BR-040/MG";"Decrescente";"Engavetamento";2;0;1;0;0;0;0;0;0;0;1;0;0;0;0
"30/10/2025";"17:58:00";"210";"Sem vítima";"53,340";"BR-040/MG";"Crescente";"Colisão transversal";1;0;0;1;0;0;0;0;0;0;0;0;0;0;0
"30/10/2025";"21:27:00";"230";"Sem vítima";"519,601";"BR-040/MG";"Crescente";"Choque";0;0;0;0;0;0;0;1;0;0;1;0;0;0;0
"31/10/2025";"00:00:00";"184";"Com vítima";"465,700";"BR-040/MG";"Crescente";"Choque";1;0;1;0;0;0;0;0;0;0;0;2;0;0;0
"31/10/2025";"04:00:00";"19";"Sem vítima";"482,777";"BR-040/MG";"Decrescente";"Choque";1;0;0;0;0;0;0;0;0;0;1;0;0;0;0
"31/10/2025";"08:11:00";"90";"Sem vítima";"530,300";"BR-040/MG";"Crescente";"Colisão lateral no mesmo sentido";1;0;1;0;0;0;0;0;0;0;2;0;0;0;0
"31/10/2025";"08:21:00";"92";"Com vítima";"43,200";"BR-040/MG";"Decrescente";"Colisão transversal";1;0;0;1;0;0;0;0;0;0;1;0;1;0;0
"31/10/2025";"16:01:00";"162";"Com vítima";"523,650";"BR-040/MG";"Decrescente";"Colisão lateral no mesmo sentido";0;0;1;0;1;0;0;0;0;0;2;1;0;0;0
"31/10/2025";"16:56:00";"172";"Sem vítima";"529,167";"BR-040/MG";"Decrescente";"Colisão traseira";2;0;0;0;0;0;0;0;0;0;1;0;0;0;0
"31/10/2025";"20:11:00";"196";"Com vítima";"42,100";"BR-040/MG";"Crescente";"Colisão lateral no mesmo sentido";1;0;0;1;0;0;0;0;0;0;0;1;0;0;0